orf,gene,seq.len,left.bound,right.bound,region.seq,region.len,charge.asymmetry,frac.charge,kappa1,kappa2,uni_id,orf_label,label,p_helix,p_disorder,p_sheets
YAL011W,SWC3,626,470,525,KSVVEFLEDTDEIIISWIVIHNSKEIEKFKTKKIKAKLKADQKLNKEDAKPGSDVE,56,0.0,0.4285714285714285,0.11462226109169,0.3002485781211143,P31376,verified,unclassified,0.3392857142857143,0.39285714285714285,0.26785714285714285
YAR042W,SWH1,1189,1100,1155,LAPTDSRLRPDQRAMENGEYDKAAAEKHRVEVKQRAAKKEREQKGEEYRPKWFVQE,56,0.0027472527472527,0.4642857142857143,0.0380239154043496,0.0901310252356278,P35845,verified,unclassified,0.5892857142857143,0.32142857142857145,0.08928571428571429
YBL007C,SLA1,1245,549,624,TGFSLEKFKANDGSSSRGTDSRDSERERRRRLKEQEEKERDRRLKERELYELKKARELLDEERSRLQEKELPPIKP,76,0.0027539779681762,0.5657894736842105,0.0466161588199314,0.0851341800398009,P32790,verified,unclassified,0.5921052631578947,0.40789473684210525,0.0
YBL078C,ATG8,118,3,53,TFKSEYPFEKRKAESERIADRFKNRIPVICEKAEKSDIPEIDKRKYLVPAD,51,0.0032679738562091,0.4705882352941176,0.0461438596047538,0.1085554983747701,P38182,verified,unclassified,0.37254901960784315,0.37254901960784315,0.2549019607843137
YBR023C,CHS3,1166,1119,1164,IAGGNKKAQDENEGEFDHSKIKMRTWREFEREDILNRKEESDSFVA,46,0.0093167701863353,0.4565217391304347,0.1098431176681389,0.2778427548456443,P29465,verified,unclassified,0.45652173913043476,0.5,0.043478260869565216
YBR038W,CHS2,964,830,879,ETDWPQEVDKKFLEIKSRLKEPEFEESSGNEKQSKNDYYRDIRTRIVMIW,50,0.0036363636363636,0.44,0.0658512009370279,0.1706229397217133,P14180,verified,unclassified,0.46,0.54,0.0
YBR054W,YRO2,345,295,343,SSDSDSSIKEKLKLKKKHKKDKKKAKKAKKAKKAKKAQEEEEDVATDSE,49,0.0435374149659863,0.6122448979591837,0.2718987579241559,0.5008043157100938,P38079,verified,unclassified,0.5510204081632653,0.4489795918367347,0.0
YBR079C,RPG1,965,619,675,ALHAEQDAEVRQQRILEEKAAIEAKLEEEAHRRLIEKKKREFEAIKEREITKMITEV,57,0.0025062656641604,0.4912280701754385,0.0496478060503879,0.1089880762669227,P38249,verified,unclassified,0.43859649122807015,0.5614035087719298,0.0
YBR084W,MIS1,976,501,552,STFYKRLVPRKKGIRKFTPSMQRRLKRLDIEKEDPDALTPEEVKRFARLNIN,52,0.0559440559440559,0.4230769230769231,0.1173170114344986,0.3592808139779576,P09440,verified,unclassified,0.46153846153846156,0.4807692307692308,0.057692307692307696
YBR108W,AIM3,948,31,87,TGYKASKKHYNNSKARRERKSGKKNSSDEEYDSEDEMEYERKPTDIRSLKDPKSFPP,57,0.0058479532163742,0.4736842105263157,0.1585228789285412,0.3677869060651126,P38266,verified,unclassified,0.47368421052631576,0.5263157894736842,0.0
YBR187W,GDT1,281,122,170,EGLEMSKDAGVEEEMAEVEEEIAIKDMNQDMDDVEKGGDTAYDKQLKNA,49,0.1335807050092764,0.4489795918367347,0.0827911437732232,0.2791283130370457,P38301,verified,unclassified,0.5102040816326531,0.4897959183673469,0.0
YBR273C,UBX7,437,122,205,TNPGLAREEKSSRDVHRKNARERIAETTLEIQRREQLKQRKLAEEERERIIRLVRADRAERKALDETHHRTLDDDKPLDVHDYI,84,0.0002903600464576,0.4880952380952381,0.0500154344685017,0.1074101966482926,P38349,verified,unclassified,0.5833333333333334,0.4166666666666667,0.0
YBR279W,PAF1,446,234,287,MYATDHKDSAILENELEKGMDEMDDDSHEGKIYKFKRIRDYDMKQVAEKPMTEL,54,0.0277777777777777,0.4444444444444444,0.1035308290880971,0.2765334784660254,P38351,verified,unclassified,0.2222222222222222,0.4074074074074074,0.37037037037037035
YBR289W,SNF5,906,456,511,LVPIRLEFDQDRDRFFLRDTLLWNKNDKLIKIEDFVDDMLRDYRFEDATREQHIDT,56,0.0178571428571428,0.4464285714285714,0.0422502277809219,0.1089491668865293,P18480,verified,unclassified,0.375,0.2857142857142857,0.3392857142857143
YCL024W,KCC4,1038,499,560,NFTNLIDDDDWEYIEKDAKRTSSNFATLIDEIFEPEKFELAKREKAELQRKVQEAKRQSVNA,62,0.009925558312655,0.4193548387096774,0.0933366324479309,0.2535571865220479,P25389,verified,unclassified,0.45161290322580644,0.5483870967741935,0.0
YCL031C,RRP7,298,243,296,KPISNIDKKAKKDFYRFQVRERKKQEINQLLSKFKEDQERIKVMKAKRKFNPYT,54,0.0896296296296296,0.4629629629629629,0.053865632967405,0.1561491333314921,P25368,verified,unclassified,0.5740740740740741,0.42592592592592593,0.0
YCL054W,SPB1,842,274,345,MNKFTIDENDHEWKILKKLKQTTDEFRSCIEDLKVLGKKDFKMILRWRKIAREILGIEVKDDAKTEIEVVPL,72,0.0004480286738351,0.4305555555555556,0.0928871978125175,0.2347623614406154,P25582,verified,unclassified,0.3888888888888889,0.5694444444444444,0.041666666666666664
YCL059C,KRR1,317,252,315,PAQLPRKVDLEIESGEYFLSKREKQMKKLNEQKEKQMEREIERQEERAKDFIAPEEEAYKPNQN,64,0.0020833333333333,0.46875,0.0657876847270604,0.1518381047381183,P25586,verified,unclassified,0.5625,0.4375,0.0
YCL061C,MRC1,1097,652,718,TQNIEEVMAERNTIENEVKDDVYVNEEADEAIRRQLIDKEKLQLKQKEKEHEAKIKELKKRGVTNFF,67,0.0043331728454501,0.4626865671641791,0.0795924233406709,0.1866643912915414,P25588,verified,unclassified,0.43283582089552236,0.5671641791044776,0.0
YCL061C,MRC1,1097,788,844,KNGGFRNKRAKNSLELELSDDDEDDVLQQYRLKRRELMRKRRLEIGDDAKLVKNPKS,57,0.0100250626566416,0.4912280701754385,0.2129385541125586,0.4759814898638959,P25588,verified,unclassified,0.40350877192982454,0.5964912280701754,0.0
YCR003W,MRPL32,184,127,182,WKTHTAKEEIKPRQEEELSELDQRVLYPGRRDTKYTKDLKDKDNYLERRVRTLKKD,56,0.0055418719211822,0.5178571428571429,0.0645239905964681,0.1339409118670811,P25348,verified,unclassified,0.4642857142857143,0.5178571428571429,0.017857142857142856
YCR033W,SNT1,1227,550,618,LTKLSENLRKEEIENKRKEHELMEQKRREEGIETEKEKSLRHPSSSSSSRRRNRADFVDDAEMENVLLQ,69,0.0004391743522178,0.4782608695652174,0.0919593910272011,0.2048409924682616,P25357,verified,unclassified,0.5652173913043478,0.43478260869565216,0.0
YCR036W,RBK1,334,201,247,ESVFDNELVEEIREKIKDDFLGEYRKICELLYEKLMNRKKRGIVVMT,47,0.0010131712259371,0.4468085106382978,0.1138176248929446,0.2894240132225641,P25332,verified,unclassified,0.5957446808510638,0.2978723404255319,0.10638297872340426
YDL030W,PRP9,531,78,136,INIFLRDYQEKQQTFNKINRPEETQEDDKDLPNFERKLQQLEKELKNEDENFELDINSK,59,0.0234680573663624,0.4406779661016949,0.0683761218091752,0.1804140194739528,P19736,verified,unclassified,0.5932203389830508,0.4067796610169492,0.0
YDL074C,BRE1,701,223,269,NGDNTSKKSEKGDELVQAEDERKEDAENEKLELDLKFSDLRAEINSL,47,0.0453283996299722,0.4893617021276595,0.040799541652374,0.1011403414687025,Q07457,verified,unclassified,0.46808510638297873,0.5319148936170213,0.0
YDL095W,PMT1,818,767,816,GPSYEDLMNEDGKKIFKDTEGNELDPEVVKKMLEEEGANILKVEKRAVLE,50,0.0327272727272727,0.44,0.0911224620734054,0.2523126770795441,P33775,verified,unclassified,0.3,0.54,0.16
YDL099W,BUG1,342,0,43,MSEQESDEVKRMKQLEEARKRVEELKKKKNKKNKGKKNKNSSAT,44,0.0606060606060606,0.5454545454545454,0.1773665682497875,0.3982133543917802,Q12191,verified,unclassified,0.5227272727272727,0.4772727272727273,0.0
YDL121C,YDL121C,150,80,148,ASSASRKFEIDSKTGLKRRVIGQYNKDPNDFDFDIDDLINEDELDERREEEKKLKKYNGKKNEAYEGFV,69,0.0039525691699604,0.4782608695652174,0.1404464350562062,0.3153667229013428,Q07541,verified,unclassified,0.4492753623188406,0.463768115942029,0.08695652173913043
YDL126C,CDC48,836,703,751,AAKYAIKDSIEAHRQHEAEKEVKVEGEDVEMTDEGAKAEQEPEVDPVPY,49,0.0787172011661807,0.4285714285714285,0.0715837812406864,0.2284887757275496,P25694,verified,unclassified,0.40816326530612246,0.5918367346938775,0.0
YDL148C,NOP14,811,85,144,ISKQIGEEQRKRAFEARKMMKNKRGGVIDKRFGERDKLLTEEEKMLERFTRERQSQSKRN,60,0.0355555555555555,0.5,0.0578025363437928,0.1331895457560858,Q99207,verified,unclassified,0.5666666666666667,0.43333333333333335,0.0
YDL153C,SAS10,611,418,485,YTSKIDQQENKKTDRFKGDDDIPYKERLFERQQRLLDEARKRGMHDNNGADLDDKDYGSEDEAVSRSI,68,0.0073529411764705,0.4705882352941176,0.0701278181409605,0.1620215398771272,Q12136,verified,unclassified,0.5441176470588235,0.45588235294117646,0.0
YDL161W,ENT1,455,128,175,LTALLSDDERLNEERNMNIKGRNRKGRRRRGTGRSDENDDDLQRAISA,48,0.0037878787878787,0.4583333333333333,0.1991354584121243,0.4918892255323309,Q12518,verified,unclassified,0.5208333333333334,0.4791666666666667,0.0
YDL166C,FAP7,198,21,72,STCEFLKNKLKDYKYYNISDFAKDNDCFEGYDEGRKSHIVDEDKLLDMLEPL,52,0.0228937728937728,0.4038461538461538,0.0637087340122943,0.1928547628610984,Q12055,verified,unclassified,0.5192307692307693,0.23076923076923078,0.25
YDL189W,RBS1,458,153,207,TANSNKDQKIEIDDKSSTDLEQERIEKERLYEQRKQEIFDKLNKSEDDVKSTNSS,55,0.0111888111888111,0.4727272727272727,0.0293448456898293,0.0690917432342871,Q05672,verified,unclassified,0.4727272727272727,0.5272727272727272,0.0
YDL208W,NHP2,157,31,77,KPLASKKLNKKVLKTVKKASKAKNVKRGVKEVVKALRKGEKGLVVIA,47,0.251959686450168,0.4042553191489361,0.0480024328604571,0.2058628328777352,P32495,verified,unclassified,0.5319148936170213,0.2765957446808511,0.19148936170212766
YDR002W,YRB1,202,66,136,PVVHLEKVDVKTMEEDEEVLYKVRAKLFRFDADAKEWKERGTGDCKFLKNKKTNKVRILMRRDKTLKICAN,71,0.0158450704225352,0.4507042253521127,0.1093538709469749,0.2703192672339718,P41920,verified,unclassified,0.0,0.43661971830985913,0.5633802816901409
YDR068W,DOS2,311,31,80,ENNELQSRDDKTNEAFQKLEEEVNKRYEKTTSAFKKLVIEKDDGIEINLP,50,0.0145454545454545,0.44,0.048707977634611,0.1291376554184177,P54858,verified,unclassified,0.58,0.28,0.14
YDR068W,DOS2,311,219,280,YFLQRNKILDKESKRKEILSKKEKETEEKEVEWDDEEEEEDDDKVEAVADNKSKGETKVAVS,62,0.028673835125448,0.5806451612903226,0.1603213751199607,0.3026478162104519,P54858,verified,unclassified,0.4032258064516129,0.5967741935483871,0.0
YDR088C,SLU7,383,181,241,YNELISKWERDKRNKIKGKDKSQTDETLWDTDEEIELMKLELYKDSVGSLKKDDADNSQLY,61,0.009367681498829,0.4590163934426229,0.0991106457551538,0.2395358197096143,Q02775,verified,unclassified,0.45901639344262296,0.5409836065573771,0.0
YDR088C,SLU7,383,330,379,ANPTKYEYLKKKREQEETKQPKIVSIGDLEARKVDGTKQSEEQRNHLKDL,50,0.0036363636363636,0.44,0.0519603386964229,0.1342504404316249,Q02775,verified,unclassified,0.58,0.42,0.0
YDR138W,HPR1,753,624,671,LYKINQEHRKKLQDAREYKIGKERKKRALEEEASFPEREQKIKSQRIN,48,0.03125,0.5,0.0793237067379452,0.1850759114899898,P17629,verified,unclassified,0.5208333333333334,0.4791666666666667,0.0
YDR153C,ENT5,412,248,302,ANSNTRRRSHMEEQRRQRREILREQIKNKEQQRKRKQQQDSIPDLIDLDDSTSTT,55,0.0121212121212121,0.4363636363636363,0.1269796958514199,0.3336951608211209,Q03769,verified,unclassified,0.4727272727272727,0.5272727272727272,0.0
YDR283C,GCN2,1660,116,196,ITSFTQEKLDEFQNVVNTQSLEDDRLQRIKETKEQLEKEEREKQQETIKKRSDEQRRIDEIVQRELEKRQDDDDDLLFNRT,81,0.0147545919903643,0.5061728395061729,0.0616324406849914,0.1310243180822066,P15442,verified,unclassified,0.5555555555555556,0.4444444444444444,0.0
YDR325W,YCG1,1036,469,526,SLSINEKDFVTMAIEIINDIRDDDIEKQEQEEKIKSKKINRRNETSVDEEDENGTHND,58,0.0517241379310344,0.4655172413793103,0.1108265366721636,0.2908981262625334,Q06680,verified,unclassified,0.5862068965517241,0.41379310344827586,0.0
YDR330W,UBX5,501,156,210,NSSDSLDSEEENDDDEYEYVEEPVIELDEDGNIKEYTKLVRKPKTISKEQKLALL,55,0.088,0.4545454545454545,0.1729105540786397,0.5101074468098922,Q06682,verified,unclassified,0.14545454545454545,0.45454545454545453,0.4
YDR365C,ESF1,629,415,505,ALEGGNEKSSEDKEETTIEKIRRKEKERRKARKQKVKELKQQSEKDKKSKLKSVNKKHTNDEEEIEKNAKSKAELELLMDDDDDTETQGTI,91,0.0,0.5494505494505495,0.1574396190830509,0.2939557905348655,Q06344,verified,unclassified,0.4945054945054945,0.5054945054945055,0.0
YDR365C,ESF1,629,512,562,NMNEILRSEKEKHKKGRYQKKERIVEDTFTPDLEDPRFKEVFEDHDFAIDP,51,0.0070588235294117,0.4901960784313725,0.1072449655438744,0.2413107530332222,Q06344,verified,unclassified,0.4117647058823529,0.5882352941176471,0.0
YDR376W,ARH1,494,206,259,LNLLRRAPVKDVKLIARRDFVHSKFTNKELRELWELEKYGIRGRIDPKFFQKEM,54,0.0303030303030303,0.4074074074074074,0.0424877931800256,0.1282762510806777,P48360,verified,unclassified,0.37037037037037035,0.4444444444444444,0.18518518518518517
YDR421W,ARO80,951,472,518,LNEILPDEESKLRWKRVFENSENDHDNEKNFLTDWEREFLNDEYVLY,47,0.0680851063829787,0.425531914893617,0.0906381301035314,0.2880706278410863,Q04052,verified,unclassified,0.574468085106383,0.425531914893617,0.0
YDR452W,PPN1,675,431,485,MNTVRDTYYRKVWNKLERVDEKNVENEKKKKEKKDKKKKKPITRKELIERYSIVN,55,0.0606060606060606,0.5454545454545454,0.0696379754324709,0.1529999266080429,Q04119,verified,unclassified,0.4727272727272727,0.43636363636363634,0.09090909090909091
YDR507C,GIN4,1143,517,618,STYAKLAEDDDWEYIEKETKRTSSNFATLIDEIFEYEKYEQIRKEKEELERKVREAKAREELERRRRKQEEKERARKLLEKEDLKRKQEELKKQIEIDISDL,102,0.0014955134596211,0.5784313725490197,0.0830153104475237,0.1464424420779491,Q12263,verified,unclassified,0.5980392156862745,0.4019607843137255,0.0
YER002W,NOP16,232,127,208,VRVVYGKKKNFDADEDVNEIKARDTTEETEVVKKLEELASRPVIRKERSQSEREEEWLEKLYKKHGDDYKKMFFDKKLNIYQ,82,0.0,0.4878048780487805,0.1002204854072153,0.215611582063697,P40007,verified,unclassified,0.4146341463414634,0.5121951219512195,0.07317073170731707
YER006W,NUG1,521,0,111,MRVRKRQSRRTSTKLKEGIKKKASAHRKKEKKMAKKDVTWRSRSKKDPGIPSNFPYKAKILEEIEAKKMKDLEERELAKQQRLEARKAAKEQGVDAMDEDMIEDDENGLAAL,112,0.0238095238095238,0.4821428571428571,0.1206194417839816,0.2725192526572603,P40010,verified,unclassified,0.5446428571428571,0.45535714285714285,0.0
YER017C,AFG3,762,697,751,ELLTKNLDKVDLVAKELLRKEAITREDMIRLLGPRPFKERNEAFEKYLDPKSNTE,55,0.0,0.4363636363636363,0.0139242654223529,0.0355627534464354,P39925,verified,unclassified,0.4909090909090909,0.45454545454545453,0.05454545454545454
YER029C,SMB1,197,92,139,LSTVVEDKPLLSKKERLVRDKKEKKQAQKQTKLRKEKEKKPGKIAKPN,48,0.1008333333333333,0.5208333333333334,0.0381211607040795,0.0987240807177328,P40018,verified,unclassified,0.5416666666666666,0.3125,0.14583333333333334
YER048C,CAJ1,392,123,183,GTAATETEKADESTDGGMVKHDTNKAESLKKDKLSKEQREKLMEMEKKRREDMMKQVDELA,61,0.0021857923497267,0.4918032786885246,0.0325444354550846,0.0709173251533298,P39101,verified,unclassified,0.4262295081967213,0.5737704918032787,0.0
YER082C,UTP7,555,503,552,KTQNVIDERKLRVQKQLDKEKNIRKRNHQIKQGLISEDHKDVIEEALSRF,50,0.0145454545454545,0.44,0.0857015968159854,0.227723234004088,P40055,verified,unclassified,0.48,0.52,0.0
YER142C,MAG1,297,215,264,FSKYLSDKPELEKELMRERKVVKKSKIKHKKYNWKIYDDDIMEKCSETFS,50,0.0133333333333333,0.48,0.1185079101528316,0.2794210204343157,P22134,verified,unclassified,0.48,0.52,0.0
YER151C,UBP3,913,511,552,LTMYKQFDKETYEKKFLENADDAEKTTESDAKKSSKSKSFQH,42,0.0,0.4285714285714285,0.0767254725935985,0.2117705263445043,Q01477,verified,unclassified,0.38095238095238093,0.5952380952380952,0.023809523809523808
YER164W,CHD1,1469,1360,1411,SSGSAHEKEYDSMDEEDCRHTMSAIRTSLKRLRRGGKSLDRKEWAKILKTEL,52,0.0034965034965034,0.4230769230769231,0.1204382370591966,0.3274406572699179,P32657,verified,unclassified,0.5769230769230769,0.4230769230769231,0.0
YFL002C,SPB4,607,533,599,LAWSDKTLTKERKLERKEKMSLKRKAIEEELKAEELDENAEEERIKEDWKEIVLQNKRKKVSSKAIQ,67,0.0016583747927031,0.5373134328358209,0.1227983400806151,0.2387687101206057,P25808,verified,unclassified,0.417910447761194,0.582089552238806,0.0
YGL099W,LSG1,641,266,318,RANQLLEKQKEMGEDYREQDFEEADKEGFDADEKVMEKVKILSIDQLEELFLS,53,0.0611320754716981,0.4716981132075472,0.0645280490587518,0.1716061777519052,P53145,verified,unclassified,0.5660377358490566,0.41509433962264153,0.018867924528301886
YGL141W,HUL5,911,429,483,TYWENSEKQFLNLRFYEELQEYEDLYREHLEEESDEDMEKEIDLDKERPPLKSLL,55,0.1006993006993007,0.4727272727272727,0.0937573821987049,0.2698778328704199,P53119,verified,unclassified,0.509090909090909,0.4909090909090909,0.0
YGL150C,INO80,1490,537,584,EMSNFWKKNEREERDLKKKIEKEAMEQAKKEEEEKESKRQAKKLNFLL,48,0.0029761904761904,0.5833333333333334,0.0686136509735603,0.1230836812823432,P53115,verified,unclassified,0.4166666666666667,0.5833333333333334,0.0
YGL171W,ROK1,565,496,547,EVSEWMDKMAKMTRKEKESIKNGKAHKERKQITTVPKMDKAKRRRQQEMIAA,52,0.0512820512820512,0.4615384615384615,0.0706597722451929,0.1899743169178034,P45818,verified,unclassified,0.5192307692307693,0.4807692307692308,0.0
YGL207W,SPT16,1036,468,515,PDRNSKILRTKLRGEARGGAEDAQKEQIRKENQKKLHEKLEKNGLLRF,48,0.0340909090909091,0.4583333333333333,0.0437540628918717,0.1156988623016356,P32558,verified,unclassified,0.5,0.5,0.0
YGL207W,SPT16,1036,773,814,GGRRGQSRFRRYGDEDELEQEQEERRKRAALDKEFKYFADAI,42,0.0,0.5238095238095238,0.1920894607870742,0.3984237376069963,P32558,verified,unclassified,0.5952380952380952,0.40476190476190477,0.0
YGL237C,HAP2,266,165,214,KQYYRILKRRYARAKLEEKLRISRERKPYLHESRHKHAMRRPRGEGGRFL,50,0.1469565217391304,0.46,0.0576711441385286,0.1933308249668835,P06774,verified,unclassified,0.52,0.44,0.04
YGR005C,TFG2,401,135,191,TEQNLKKYQQRKKELEADPEKQRQAYLKKQEREEELKKKQQQQKRRNNRKKFNHRVM,57,0.073200241984271,0.5087719298245614,0.1034553323298902,0.2543362002394624,P41896,verified,unclassified,0.5087719298245614,0.42105263157894735,0.07017543859649122
YGR013W,SNU71,621,329,380,KGSANTEEEDTNMEDEDEEDDTEDDLALEKRKEERDLEESNRRYEDMLHQLH,52,0.1641025641025641,0.5769230769230769,0.1681453403889934,0.4373390162503181,P53207,verified,unclassified,0.5384615384615384,0.46153846153846156,0.0
YGR083C,GCD2,652,65,124,QQQAQMKKEKKQLQREQQQKREQKQKNANKKKQNERNVKKSTLFGHLETTEERRATILAL,60,0.0694444444444444,0.4,0.0523233775036427,0.1729993041632855,P12754,verified,unclassified,0.55,0.45,0.0
YGR124W,ASN2,573,431,484,MNIDPNEKMIKPKEGRIEKYILRKAFDTTDEPDVKPYLPEEILWRQKEQFSDGV,54,0.0033670033670033,0.4074074074074074,0.072338466571498,0.2053308515954593,P49090,verified,unclassified,0.37037037037037035,0.5740740740740741,0.05555555555555555
YGR167W,CLC1,234,11,70,NIDFTPNDKKDDDTDFLKREAEILGDEFKTEQDDILETEASPAKDDDEIRDFEEQFPDIN,60,0.1422222222222222,0.5,0.0506220038867268,0.1468991056597584,P17891,verified,unclassified,0.45,0.55,0.0
YGR174C,CBP4,171,118,165,SRDHFAKVRAEEVQKEELARIRNELSQLRSETEEKTKEIVQDKQVKSW,48,0.0,0.4583333333333333,0.0316412188372184,0.0770540195239855,P37267,verified,unclassified,0.4166666666666667,0.1875,0.0
YGR285C,ZUO1,434,45,99,NHTWSEFERIEAEKNVKTVDESNVDPDELLFDTELADEDLLTHDARDWKTADLYA,55,0.1190082644628099,0.4,0.056998364832705,0.2128256272336622,P32527,verified,unclassified,0.5454545454545454,0.45454545454545453,0.0
YHR023W,MYO1,1929,1065,1115,LVTENSDLRSKNENFKKEKAALNNQLKNKESELLKMKEKIDNHKKELATFS,51,0.0084033613445378,0.4117647058823529,0.0225605911933389,0.0641519378878557,P08964,verified,unclassified,0.45098039215686275,0.5490196078431373,0.0
YHR064C,SSZ1,539,449,494,VYEGDHHIEEKTLEPIPKEENAEEDDESEWSDDEPEVVREKLYTLG,46,0.1936758893280632,0.4782608695652174,0.1073411885991389,0.3792339692168409,P38788,verified,unclassified,0.0,0.4782608695652174,0.5217391304347826
YIL126W,STH1,1360,940,1015,QAGKFDNKSTAEEQEAFLRRLIESETNRDDDDKAELDDDELNDTLARSADEKILFDKIDKERMNQERADAKAQGLR,76,0.028805120910384,0.4868421052631579,0.0722931960790102,0.1666366100379731,P32597,verified,unclassified,0.5263157894736842,0.47368421052631576,0.0
YIR006C,PAN1,1481,1126,1192,NVYNAKQESDDEDEDDEEKRLQEELKRLKLKKKADKEKRLAALRKQIEDAQNESDEEETNGKDNFGG,67,0.0197660346914078,0.5522388059701493,0.2106354128941609,0.4122451494594571,P32521,verified,unclassified,0.5074626865671642,0.4925373134328358,0.0
YIR018W,YAP5,246,33,85,LPHRAAQRRKRVHRLHEDYETEENDEELQKKKRQNRDAQRAYRERKNNKLQVL,53,0.0261248185776487,0.490566037735849,0.2042267377682072,0.4773745427904248,P40574,verified,unclassified,0.5660377358490566,0.4339622641509434,0.0
YJL003W,COX16,119,54,117,FTAIKYEQGDRKVQEINEEDILKIRKNQREFDIKEEYYRLQGLSEEDWEPVRVARLKDESENVW,64,0.0134698275862068,0.453125,0.1016226472946868,0.2509447540811423,P47081,verified,unclassified,0.5625,0.4375,0.0
YJL026W,RNR2,400,10,58,ADALSDLEIKDSKSNLNKELETLREENRVKSDMLKEKLSKDAENHKAYL,49,0.0037105751391465,0.4489795918367347,0.0250812035342361,0.0631629093772018,P09938,verified,unclassified,0.46938775510204084,0.5306122448979592,0.0
YJL140W,RPB4,222,54,117,ARLVIKEALVERRRAFKRSQKKHKKKHLKHENANDETTAVEDEDDDLDEDDVNADDDDFMHSET,64,0.0232007575757575,0.515625,0.271462491542395,0.5838202852805545,P20433,verified,unclassified,0.453125,0.546875,0.0
YJL197W,UBP12,1255,1125,1172,IQKSRHGYDERIKKIYDEQMKLYEFNKTDEEEDVSDDMIECNEDVQAP,48,0.0606060606060606,0.4583333333333333,0.1244188110737003,0.3495063517183187,P39538,verified,unclassified,0.5416666666666666,0.4583333333333333,0.0
YJR002W,MPP10,594,494,542,IYNVGKAEKDGEIRLKNGVAMSKEELTREDKNRLRRALKRKRSKANLPN,49,0.059369202226345,0.4489795918367347,0.1035794079185851,0.2971197530035813,P47083,verified,unclassified,0.3877551020408163,0.4897959183673469,0.12244897959183673
YJR014W,TMA22,199,60,115,ESSIGEAREEKLEKDLLKIQKKQENREQRELAKKLSSKVIIKREARTKRKFIVAIS,56,0.0324074074074074,0.4821428571428571,0.0675067672799328,0.1629919352081591,P47089,verified,unclassified,0.375,0.3392857142857143,0.2857142857142857
YJR060W,CBF1,352,294,349,LASANEKLQEELGNAYKEIEYMKRVLRKEGIEYEDMHTHKKQENERKSTRSDNPHE,56,0.0029761904761904,0.4285714285714285,0.0778395738554699,0.2050239397872773,P17106,verified,unclassified,0.5,0.5,0.0
YKL021C,MAK11,469,409,466,IEKYNTMKKRDAETADIGDQSEVESDTEELKKIMFGEKKKLNKKKRKQLKKSKVSVEL,58,0.0148632580261593,0.5,0.186732241137579,0.412716307248998,P20484,verified,unclassified,0.0,0.08620689655172414,0.0
YKL059C,MPE1,442,246,292,FVVQVEDKQSWEDYQRKRENRQIDGDETIWRKGHFKDLPDDLKCPLT,47,0.0042553191489361,0.425531914893617,0.0783664685704834,0.2144802118489347,P35728,verified,unclassified,0.3617021276595745,0.5531914893617021,0.0851063829787234
YKL082C,RRP14,435,23,83,PAKYYYDEKSQEQWKAKKKTKEQSKNDKLKKLDPEQRDDETSSTLEVMKKKEKDAKPVVLP,61,0.0087431693989071,0.4918032786885246,0.0667456941349741,0.1475458465719706,P36080,verified,unclassified,0.5573770491803278,0.4426229508196721,0.0
YKL144C,RPC25,213,126,189,AWIWPMDEETKLYFDVNEKIRFRIEREVFVDVKPKSPKERELEERAQLENEIEGKNEETPQNEK,64,0.01875,0.46875,0.0551861076570832,0.132096399095329,P35718,verified,unclassified,0.109375,0.578125,0.3125
YKL172W,EBP2,428,319,376,NATLQKRQLEKRETLEKIKSLKNKRKHNEIDHSEFNVGVEEEVEGKRFDRGRPNGKRA,58,0.0159642401021711,0.4655172413793103,0.1126333021398071,0.2731981567867841,P36049,verified,unclassified,0.4827586206896552,0.5172413793103449,0.0
YKL201C,MNN4,1179,365,416,VNSLYKLEIEETDKFTFDKDLVYLSPSDFKFDASKKIEELEEQKKLYPDKFS,52,0.0139860139860139,0.4230769230769231,0.0563420073143225,0.156468779640916,P36044,verified,unclassified,0.46153846153846156,0.4807692307692308,0.057692307692307696
YKR043C,SHB17,272,76,131,VLKPLSDEQRAKIRVVVDDDLREWEYGDYEGMLTREIIELRKSRGLDKERPWNIWR,56,0.0007142857142857,0.4464285714285714,0.0800294155102016,0.1987057085499569,P36136,verified,unclassified,0.4642857142857143,0.44642857142857145,0.08928571428571429
YKR063C,LAS1,503,155,213,YDHYWNDEELEDDRDDDDDDDDTGYGYRRNDKLEKYMESLTKTLDKWKRLRNEFLEYKW,59,0.0529661016949152,0.5423728813559322,0.1671034502591393,0.3618596706133657,P36146,verified,unclassified,0.559322033898305,0.4406779661016949,0.0
YLL011W,SOF1,490,370,420,NVRLWRSKAWERSNVKTTREKNKLEYDEKLKERFRHMPEIKRISRHRHVPQ,51,0.0690537084398976,0.4509803921568627,0.0448679824772936,0.129589557678695,P33750,verified,unclassified,0.49019607843137253,0.4117647058823529,0.09803921568627451
YLL034C,RIX7,838,20,63,DLIYRLLEEKTLDRKRSLRQESQGEEGENNEGEEDEDIFESMFF,44,0.0876623376623376,0.4772727272727273,0.1428857058656675,0.4104182052617306,Q07844,verified,unclassified,0.45454545454545453,0.5454545454545454,0.0
YLR056W,ERG3,366,307,361,RLGGSYRRPDDSLFDPKLRDAKETWDAQVKEVEHFIKEVEGDDNDRIYENDPNTK,55,0.0181818181818181,0.4545454545454545,0.0592821597412732,0.1496617636917118,P32353,verified,unclassified,0.5272727272727272,0.45454545454545453,0.01818181818181818
YLR079W,SIC1,285,222,278,ELVTQEIRNERKRAMLRENPDIEDVITYVNKKGEVVEKRRLTDEEKRRFKPKALFQS,57,0.0058479532163742,0.4736842105263157,0.0957498173024286,0.2219710516613611,P38634,verified,unclassified,0.3684210526315789,0.43859649122807015,0.19298245614035087
YLR086W,SMC4,1419,1052,1099,ETLNLKVELKEQSEQLKEQMEDMEESINEFKSIEIEMKNKLEKLNSLL,48,0.0374999999999999,0.4166666666666667,0.0615634650032157,0.1875234064679956,Q12267,verified,unclassified,0.5,0.5,0.0
YLR129W,DIP2,944,274,322,QNADKTIETFRIRKEEEIARGLKKREKRLKEKGLTEEEIAKSIKESYSS,49,0.0073469387755102,0.5102040816326531,0.0783552726672376,0.1679462204085624,Q12220,verified,unclassified,0.5510204081632653,0.2653061224489796,0.1836734693877551
YLR226W,BUR2,396,344,394,YELIKSGEVKEEFLNHIETRVKDLLDKAKQESMKRKAKDPIRTPDAKKPKI,51,0.0130718954248366,0.4705882352941176,0.0441522302175221,0.1060434323752747,Q05949,verified,unclassified,0.49019607843137253,0.5098039215686274,0.0
YLR309C,IMH1,912,313,375,DNSINTEEYDKLKENLQELQEKYKDCEDWKQKYEDIEAELKDAKELENSQLEKSAKELETLNT,63,0.0529100529100529,0.4761904761904761,0.0410724707141863,0.1038285695235431,Q06704,verified,unclassified,0.49206349206349204,0.5079365079365079,0.0
YLR321C,SFH1,427,376,425,CPRVEILTKEEIQKREIEKERNLRRLKRETDRLSRRGRRRLDDLETTMRM,50,0.0257142857142857,0.56,0.0998765029254352,0.1980155847976381,Q06168,verified,unclassified,0.48,0.44,0.08
YLR362W,STE11,718,42,93,QCNLVTEEEIKYLDKDILIALGVNKIGDRLKILRKSKSFQRDKRIEQVNRLK,52,0.0228937728937728,0.4038461538461538,0.0627054717983682,0.1899327329101754,P23561,verified,unclassified,0.46153846153846156,0.5384615384615384,0.0
YLR401C,DUS3,669,250,294,VAPQVEQRNKELSEHRMKQREVYLKYKDTRYFAQEKKPLDLYHKK,45,0.0292397660818713,0.4222222222222222,0.0217440545705442,0.0640822166177496,Q06053,verified,unclassified,0.5333333333333333,0.4666666666666667,0.0
YLR430W,SEN1,2232,1448,1502,NVAIKDLTLEELVDKRIGERNYEIRTDPELERKFNNAVTKRRELRGKLDSESGNP,55,0.0,0.4363636363636363,0.0555965309891782,0.1420793694998614,Q00416,verified,unclassified,0.5272727272727272,0.45454545454545453,0.01818181818181818
YML014W,TRM9,280,194,259,LMNIPPKERSEYLQRWKEEQQRSKSLDDNDEKQQQDQEQEREEVKYRYYHLYREGELAEDCRQAGA,66,0.0130616509926854,0.4393939393939394,0.0582884141398981,0.1489079791651927,P49957,verified,unclassified,0.30303030303030304,0.5606060606060606,0.13636363636363635
YML086C,ALO1,527,458,507,LAAGPVKKDTDYDDFEMRGMALKVEEWYGEDLKKFRKIRKEQDPDNVFLA,50,0.0036363636363636,0.44,0.1324093133617801,0.3432654435588004,P54783,verified,unclassified,0.48,0.5,0.02
YMR014W,BUD22,520,364,490,YYSGNDTEEESDEDNKNVKGKKKKRDTAEDRTAREQMSNEPKRKNRRGQRARRKIWEKKYGSQAKHVQRELEKEMEDRKQRQIEYEARVAKREAKAASLEASRSREREDRRTETNNKKEKESASTGE,127,0.0095193324715007,0.5275590551181102,0.1115750903143484,0.2204313222613027,Q04347,verified,unclassified,0.47244094488188976,0.5275590551181102,0.0
YMR028W,TAP42,367,301,358,PTMSVEEFLDKEFEEGRVLQGGEEPEQAPDEENMDWQDRETYKAREWDEFKESHAKGS,58,0.0954907161803713,0.4482758620689655,0.0607681537664371,0.184000797492925,Q04372,verified,unclassified,0.5172413793103449,0.4827586206896552,0.0
YMR089C,YTA12,826,44,85,NKSGNKNEDNNEDAKLNKEIPTDEEVEAIRKQVEKYIEQTKN,42,0.0112781954887218,0.4523809523809524,0.1038713511915192,0.2719750397037019,P40341,verified,unclassified,0.4523809523809524,0.5476190476190477,0.0
YMR188C,MRPS17,238,14,64,KMQKTVKVRVETKVFNKKINKELFHRRDYLVHDEGEISREGDLVRIEATRP,51,0.0142602495543671,0.4313725490196078,0.0681303114460655,0.184867028251693,Q03246,verified,unclassified,0.0,0.4117647058823529,0.5882352941176471
YMR213W,CEF1,591,159,212,LNTQGKKATRKIRERMLEESKRIAELQKRRELKQAGINVAIKKPKKKYGTDIDY,54,0.0771604938271605,0.4444444444444444,0.0850595437213384,0.2533610520451435,Q03654,verified,unclassified,0.5555555555555556,0.4444444444444444,0.0
YMR294W,JNM1,374,79,134,NQSDCADARKLSNDEEDESRQQKLERIREELEELKIENLTSEMQTEIKELCEIQSK,56,0.0439560439560439,0.4642857142857143,0.0836115944892293,0.2171991362290942,P36224,verified,unclassified,0.5357142857142857,0.4642857142857143,0.0
YNL001W,DOM34,387,16,87,VITLLPEDKEDLFTVYQIVDKDDELIFKKKFTSKLDEAGKKKSTDLVKLKIKVISEDFDMKDEYLKYKGVTV,72,0.0004480286738351,0.4305555555555556,0.0935277526046059,0.2362484963287343,P33309,verified,unclassified,0.1388888888888889,0.3333333333333333,0.5277777777777778
YNL103W,MET4,673,573,620,ADLHGFEKKQLIKKELGDDDEDLLIQSKKSHQKKKLKEKELESSIHEL,48,0.0009057971014492,0.4791666666666667,0.1670428730814309,0.3857966670473737,P32389,verified,unclassified,0.4375,0.5625,0.0
YNL110C,NOP15,221,165,216,VLPKGAKIEKLYKYKKRVLVEKGITKPVKQLKDNMKQKHEERIKKLAKSGIE,52,0.1011705685618729,0.4423076923076923,0.0632688651470199,0.2010963724542133,P53927,verified,unclassified,0.40384615384615385,0.5384615384615384,0.057692307692307696
YNL124W,NAF1,493,223,286,HWIDTFELKRNKGTDASNGYDEELPEEEQEFSDDEKEALFKKMKKQQRQRKKRDNRKLANDSDN,64,0.001953125,0.5,0.1927403651739913,0.4108434541118448,P53919,verified,unclassified,0.375,0.578125,0.046875
YNL206C,RTT106,456,269,322,NASLVTKDGEKYEFSMIDQTEYAKIDDYVKRKQMKDKSMSEELKAKSKSKGQAT,54,0.0033670033670033,0.4074074074074074,0.0761805129861356,0.2163099229113927,P40161,verified,unclassified,0.2777777777777778,0.46296296296296297,0.25925925925925924
YNL215W,IES2,321,218,292,MLLDLLEDGGSKKKLTDEEIQLRRAENARKRKNLSEKRLEEEKQDTINKLLKKRAGKSRSHLPNDDEKNDGSSSF,75,0.0034285714285714,0.4666666666666667,0.1292183098221359,0.2966535980778524,P40154,verified,unclassified,0.56,0.44,0.0
YNL308C,KRI1,592,512,568,KFAPYRSKELRAKDKRKVMKARRLREWRKKTFKNENGLAPVEAEAGEKDEDTILIPV,57,0.0318388564002599,0.4736842105263157,0.0940796492376573,0.2312877331851439,P42846,verified,unclassified,0.40350877192982454,0.5964912280701754,0.0
YNR006W,VPS27,623,220,278,VCDSCFEDYDLKRHDDSKKSKKHRHKRKKDRDYSTPEDEEELIRKAIELSLKESRNSAS,59,0.0005467468562055,0.5254237288135594,0.1719302083151115,0.3450592163915058,P40343,verified,unclassified,0.4067796610169492,0.576271186440678,0.01694915254237288
YNR006W,VPS27,623,283,333,VPVVESKNEVKRQEIEEEEDPDLKAAIQESLREAEEAKLRSERQKASRQMQ,51,0.0130718954248366,0.4705882352941176,0.1158358231854867,0.278788400808447,P40343,verified,unclassified,0.43137254901960786,0.5686274509803921,0.0
YNR033W,ABZ1,788,229,279,NNVKTGRWEKKKLNGEFSDILSRLDRTIDRDPIYKVKEKYPKGEDTTYVKQ,51,0.0142602495543671,0.4313725490196078,0.0428363330538835,0.1160593720802503,P37254,verified,unclassified,0.37254901960784315,0.5490196078431373,0.0784313725490196
YNR054C,ESF2,317,132,186,ILTRFGEVDRLFLKKEDDQKYKQRVKGGGNKKNKYEEGWAEFIRKRDAKLCAETL,55,0.0181818181818181,0.4545454545454545,0.0736855997175631,0.1859658570591422,P53743,verified,unclassified,0.4,0.3090909090909091,0.2909090909090909
YOL006C,TOP1,770,238,285,DYFQLQKEQKKQLTSQEKKQIRLEREKFEEDYKFCELDGRREQVGNFK,48,0.0009057971014492,0.4791666666666667,0.037875615001784,0.0872292317500638,P04786,verified,unclassified,0.5625,0.22916666666666666,0.20833333333333334
YOL009C,MDM12,272,53,94,ITLKEITDPLDEFYDSIREEADQETEENNDNKEDSEHICPDR,42,0.1714285714285714,0.4761904761904761,0.0659790695330436,0.2285459256971926,Q92328,verified,unclassified,0.35714285714285715,0.47619047619047616,0.16666666666666666
YOL034W,SMC5,1094,798,863,VIGFFNEREADLKSQYEDKKKFVKEMRDTPEFQSWMREIRSYDQDTKEKLNKVAEKYEEEGNFNLS,66,0.0047021943573667,0.4393939393939394,0.0413329168186037,0.1036358193632516,Q08204,verified,unclassified,0.4090909090909091,0.5909090909090909,0.0
YOL145C,CTR9,1078,887,1002,MKSALERSLNEQEEFEKEQSAKIDEARKILEENELKEQGWMKQEEEARRLKLEKQAEEYRKLQDEAQKLIQEREAMAISEHNVKDDSDLSDKDNEYDEEKPRQKRKRSTKTKNSGE,116,0.0071595558153126,0.5086206896551724,0.0861646221786352,0.1768454152306431,P89105,verified,unclassified,0.5775862068965517,0.4224137931034483,0.0
YOR027W,STI1,590,235,285,SSKAPQKEESKESEPMEVDEDDSKIEADKEKAEGNKFYKARQFDEAIEHYN,51,0.0384313725490195,0.4901960784313725,0.0932783849749499,0.2252637104320643,P15705,verified,unclassified,0.5294117647058824,0.47058823529411764,0.0
YOR042W,CUE5,412,182,241,FNSSHSRRRNRDRATRSMHEQRRRRHNPNEREQHHEDSEEEDSWSQFVEKDLPELTDRAG,60,0.0006172839506172,0.45,0.1467233274124281,0.3578629715712401,Q08412,verified,unclassified,0.5833333333333334,0.4166666666666667,0.0
YOR078W,BUD21,215,132,181,SRHVTFDKLDESDENEEALAKAIKTKKRKTLKNLRKDSVKRGKFRVQLLS,50,0.0426086956521739,0.46,0.1781846709470924,0.4754543466104005,Q08492,verified,unclassified,0.44,0.4,0.16
YOR232W,MGE1,229,33,94,NVGSMRRMRFYSDEAKSEESKENNEDLTEEQSEIKKLESQLSAKTKEASELKDRLLRSVADF,62,0.0053763440860215,0.4354838709677419,0.0768605744526722,0.196772917531866,P38523,verified,unclassified,0.532258064516129,0.46774193548387094,0.0
YOR243C,PUS7,677,66,116,FLVNEIDQEGKVIHLTDKGFKMPKKPQRSKEEVNAEKESEAARRQEFNVDP,51,0.0009337068160597,0.4117647058823529,0.0790428546988742,0.2219133686128962,Q08647,verified,unclassified,0.3333333333333333,0.5294117647058824,0.13725490196078433
YOR254C,SEC63,664,45,92,GNSGKSKEFNEEVFKNLNEEYTSDEIKQFRRKFDKNSNKKSKIWSRRN,48,0.0248015873015872,0.4375,0.1086034460939307,0.3000209609996294,P14906,verified,unclassified,0.5,0.5,0.0
YOR261C,RPN8,339,284,329,IIAFDDLIENKIQNKKIQEQRVKDKQSKVSDDSESESGDKEATAPL,46,0.0102974828375286,0.4130434782608695,0.0892728029081477,0.2613393849168579,Q08723,verified,unclassified,0.5434782608695652,0.45652173913043476,0.0
YOR281C,PLP2,287,34,100,SPTAKLEEALEEAIAKQHENRLEDKDLSDLEELEDDEDEDFLEAYKIKRLNEIRKLQERSKFGEVFH,67,0.0547263681592039,0.4925373134328358,0.1488316670841957,0.3608579304560817,Q12017,verified,unclassified,0.3582089552238806,0.5970149253731343,0.04477611940298507
YPL009C,RQC2,1039,832,906,INSNVRGKRGKLKKIQKKYADQDETERLLRLEALGTLKGIEKQQQRKKEEIMKREVREDRKNKREKQRRLQALKF,75,0.0687719298245614,0.5066666666666667,0.0815847272451237,0.1953931166619355,Q12532,verified,unclassified,0.48,0.52,0.0
YPL016W,SWI1,1315,586,634,IGQQQVKKPRKQRVKKKTKKELELERKEREDFQKRQQKLLEDQQRQQKL,49,0.0784929356357928,0.5306122448979592,0.1270695013247436,0.3039834413596803,P09547,verified,unclassified,0.5510204081632653,0.4489795918367347,0.0
YPL020C,ULP1,622,325,407,NRLQTRNENDDDLVFVKEKKISSLERKHKDYLNQKLKFDRSILEFEKDFKRYNEILNERKKIQEDLKKKKEQLAKKKLVPELN,83,0.0143990596532471,0.4939759036144578,0.0674598273925072,0.1472156057395585,Q02724,verified,unclassified,0.5903614457831325,0.40963855421686746,0.0
YPL043W,NOP4,686,486,536,VEFATEVKNKERHPLSKEEIIRSTKEKYKFMGPDEIEAQKKKDKKSGVVKQ,51,0.0130718954248366,0.4705882352941176,0.0606132124135756,0.1458703884415988,P37838,verified,unclassified,0.5882352941176471,0.35294117647058826,0.058823529411764705
YPL146C,NOP53,456,233,357,WSELINKEYKEEKAREDERIALEKYKERIRHLMETLDDNEEEESSSNEEEEEEEEENENENESTQCSGSDKEIKLSINKPVKNKKKTKYQRNKAKRHEEKVKLQQELKELRQRVKDLEEVINSEE,125,0.0174545454545454,0.528,0.1602319249582363,0.3217093822256442,Q12080,verified,unclassified,0.592,0.408,0.0
YPL226W,NEW1,1197,901,960,QWRYQFGDDREVLLKESRKISEDEKEMMTKEIDIDDGRGKRAIEAIVGRQKLKKSFQYEV,60,0.0,0.4666666666666667,0.0861372319612357,0.2001489896692005,Q08972,verified,unclassified,0.16666666666666666,0.5,0.3333333333333333
YPL226W,NEW1,1197,1134,1179,NLAKPSVDDDDSPANIKVKQRKKRLTRNEKKLQAERRRLRYIEWLS,46,0.0507246376811594,0.4565217391304347,0.1614646285858441,0.4495820510143026,Q08972,verified,unclassified,0.43478260869565216,0.5652173913043478,0.0
YPR107C,YTH1,209,153,204,GFCPLGKDECDMEHPQFIIPDEGSKLRIKRDDEINTRKMDEEKERRLNAIIN,52,0.0075250836120401,0.4423076923076923,0.0784588941487073,0.2023375535662386,Q06102,verified,unclassified,0.5,0.4807692307692308,0.019230769230769232
YPR110C,RPC40,336,253,296,GVIGIDEGSDEAYVKDARKDTVSREVLRYEEFADKVKLGRVRNH,44,0.0011961722488038,0.4318181818181818,0.0842253187060544,0.2283105278586611,P07703,verified,unclassified,0.22727272727272727,0.4090909090909091,0.36363636363636365
YPR112C,MRD1,888,98,153,RVPQPMKEKRREALKRFREKEEKLLQEENRKKKKVDENKHSNIDDEIRKNKQLQEF,56,0.0200892857142857,0.5714285714285714,0.0893931982122037,0.1695296076258387,Q06106,verified,unclassified,0.5357142857142857,0.4642857142857143,0.0
YPR125W,YLH47,455,375,434,EVKVNVVKEDEASAKQKLKQLREQEEIMKEEEQQEENAIVSVKDELSLDDQDKNIDAAAP,60,0.05,0.45,0.0745709545102817,0.2028646088858429,Q06493,verified,unclassified,0.45,0.55,0.0
