,orf,gene,seq.len,left.bound,right.bound,region.seq,region.len,charge.asymmetry,frac.charge,kappa1,kappa2,af.frac.disordered,norm.nc,norm.hydro
383,YGR124W,ASN2,573,431,484,MNIDPNEKMIKPKEGRIEKYILRKAFDTTDEPDVKPYLPEEILWRQKEQFSDGV,54,0.0033670033670033677,0.4074074074074074,0.07233846657149802,0.20533085159545936,0.0,0.14814814814814814,0.3810699588477366
663,YLR131C,ACE2,771,188,240,QVLLKQQEELRIALEKQKEVNEKLEKQLRDNQIQQEKLRKVLEEQEEVAQKLV,53,0.0008203445447087772,0.4339622641509434,0.05540725321343433,0.14365100491463184,0.0,0.018867924528301886,0.3723270440251572
675,YLR211C,ATG38,227,161,216,KINLRLEQFKKELVLYEQKKFKEYGMKIDEITKENKKLANEIGRLRERWDSLVESA,56,0.006428571428571429,0.44642857142857145,0.028257711564998487,0.07091402084843221,0.0,0.125,0.3898809523809525
965,YOR287C,RRP36,301,174,222,KRYQFLDEYREKEIDELQKLLQERKFLSKIDQGEREEMEQRLKSMKSRL,49,0.0008163265306122468,0.5102040816326531,0.06777750239288337,0.14315026764071967,0.0,0.14285714285714285,0.3317460317460318
476,YIL127C,RRT14,207,44,94,KAQLIDRNLKKRVQLQNRDVHKIKKKCKLVKKKKVKKHKLDKEQLEQLAKH,51,0.17647058823529413,0.4901960784313725,0.11492119771595845,0.3751113867995295,0.0,0.4117647058823529,0.34117647058823525
467,YIL084C,SDS3,328,59,120,GQYARQVRDLEEERDLELVRLRLFEEYRVSRSGIEFQEDIEKAKAEHEKLIKLCKERLYSSI,62,0.002304147465437788,0.4516129032258064,0.05974659464285695,0.14485808034816924,0.0,0.06451612903225806,0.4012544802867383
858,YNL220W,ADE12,434,162,207,AWEEFVARYKRLLETRRQRYGDFEYDFEAKLAEYKKLREQLKPFVV,46,0.004347826086956521,0.43478260869565216,0.09490339564411067,0.2538576775797915,0.0,0.13043478260869565,0.3942028985507246
781,YMR213W,CEF1,591,159,212,LNTQGKKATRKIRERMLEESKRIAELQKRRELKQAGINVAIKKPKKKYGTDIDY,54,0.07716049382716053,0.4444444444444444,0.08505954372133846,0.2533610520451435,0.0,0.25925925925925924,0.3576131687242797
89,YCR003W,MRPL32,184,127,182,WKTHTAKEEIKPRQEEELSELDQRVLYPGRRDTKYTKDLKDKDNYLERRVRTLKKD,56,0.005541871921182262,0.5178571428571429,0.06452399059646813,0.13394091186708112,0.0,0.26785714285714285,0.2996031746031746
443,YHR073W,OSH3,997,902,975,NLNEITEIEKGNLPPTDSRLRPDIRAYEEGNVDKAEEWKLKLEQLQRERRNKGQDVEPKYFEKVSKNEWKYITG,74,0.0004359197907585005,0.4189189189189189,0.036250082192940375,0.0943751916284762,0.0,0.0945945945945946,0.33903903903903904
976,YOR335C,ALA1,959,798,841,SVITKNELKQKFNKIEKAVKDEVKSRAKKENKQTLDEVKTFFET,44,0.018181818181818167,0.4545454545454545,0.04626167802500507,0.12098888475202238,0.0,0.18181818181818185,0.368939393939394
831,YNL110C,NOP15,221,165,216,VLPKGAKIEKLYKYKKRVLVEKGITKPVKQLKDNMKQKHEERIKKLAKSGIE,52,0.10117056856187293,0.4423076923076923,0.06326886514701993,0.20109637245421333,0.0,0.25,0.3901709401709402
692,YLR314C,CDC3,521,450,499,VFQQKVSEKEKKLQKSETELFARHKEMKEKLTKQLKALEDKKKQLELSIN,50,0.021739130434782625,0.46,0.03870203362009679,0.0981807927214712,0.0,0.14,0.3575555555555555
674,YLR200W,YKE2,115,60,103,QSEARTNVDKRLEFIETEITRCEKNIRDKQEELEKMRSELIKLN,44,0.001082251082251083,0.4772727272727273,0.03001003664014025,0.07034955761259899,0.0,0.06818181818181818,0.36035353535353537
776,YMR188C,MRPS17,238,14,64,KMQKTVKVRVETKVFNKKINKELFHRRDYLVHDEGEISREGDLVRIEATRP,51,0.01426024955436719,0.4313725490196079,0.06813031144606553,0.184867028251693,0.0,0.19607843137254904,0.39128540305010895
1036,YPR131C,NAT3,196,148,188,DGYPDTLKKVDDNKDAFDMRKAMARDRNRSVRPDGRSHKCY,41,0.01155327342747112,0.4634146341463415,0.046663725800241605,0.11791066319877,0.0,0.4634146341463415,0.3186991869918699
759,YMR077C,VPS20,222,7,57,VHITKTDRAILEVKRSKDEIHKFTRRTDNLILVEKSQLKDLIRKNPENYKS,51,0.023342670401493928,0.4117647058823529,0.029438948081983975,0.08664219451955822,0.0,0.2549019607843137,0.3877995642701525
758,YMR052W,FAR3,205,143,197,QNYESLKTENEETKKKLHSIIKQFEKLLKEVDWDRISKDSRDYSRFKKQLEYLQD,55,0.0007272727272727279,0.4545454545454545,0.060794427591820126,0.14736554846230468,0.0,0.2,0.3327272727272726
767,YMR117C,SPC24,214,8,58,DNPVEFLKEVRESFDIQQDVDAMKRIRHDLDVIKEESEARISKEHSKVSES,51,0.021312872975277068,0.4509803921568628,0.048311572331304176,0.12508931740835166,0.0,0.13725490196078433,0.3864923747276688
780,YMR207C,HFA1,2124,2001,2056,KGVIRNELEWKKSRRFLYWRLRRRLNEGQVIKRLQKKTCDNKTKMKYDDLLKIVQS,56,0.10714285714285716,0.42857142857142855,0.07877523746088644,0.2608939040175079,0.0,0.32142857142857145,0.3704365079365079
779,YMR201C,RAD14,372,266,322,LFVRCEVEAFAFKKWGGEEGLDEEWQRREEGKAHRREKKYEKKIKEMRLKTRAQEYT,57,0.005444646098003629,0.5087719298245614,0.09211283249795507,0.1949078858629837,0.0,0.08771929824561403,0.33352826510721245
483,YIL149C,MLP2,1680,711,763,KIKSLEYEISKLKKETASFIPTKESLTRDFEQCCKEKKELQMRLKESEISHNE,53,0.0008203445447087772,0.4339622641509434,0.035645335386684164,0.0922961565381112,0.0,0.05660377358490566,0.37693920335429776
603,YKR016W,MIC60,541,212,262,NTQYENSKREFEKNLQKNLLQEVDEFKENLTKQKDKELEEKLKANEELLQA,51,0.007672634271099742,0.4509803921568628,0.046175901991172386,0.11605170377608573,0.0,0.0196078431372549,0.3185185185185186
705,YLR410W,VIP1,1147,290,346,PTPPRLEISRDGGPRANEELRAKLREHGVEVKPVEEPEWKMVDDDTLEVDGKTMTKP,57,0.011695906432748536,0.42105263157894735,0.06800776271243006,0.1861506624228456,0.0,0.10526315789473684,0.36959064327485386
481,YIL149C,MLP2,1680,60,106,KLKQLLDESSEQKNTAKEELNGLKDQLNEERSRYRREIDALKKQLHV,47,0.0010131712259371837,0.44680851063829785,0.07313154221995892,0.18558956237345164,0.0,0.14893617021276595,0.33427895981087474
721,YML012W,ERV25,212,109,161,SLSRAIELDIESGAEARDWNKISANEKLKPIEVELRRVEEITDEIVDELTYLK,53,0.030874785591766724,0.4150943396226415,0.07845095809581845,0.2316526211315509,0.0,0.03773584905660377,0.43962264150943386
950,YOR216C,RUD3,485,198,256,TLNTELENLEKEQESTEEVFLEYESRIEALEDEKHDIIEKHSKELNTYRKEKDQLNLQV,59,0.06518904823989571,0.4406779661016949,0.05098869649201163,0.1474453336293253,0.0,0.06779661016949153,0.3546139359698681
751,YMR029C,FAR8,524,20,61,LQTEFTKNERDRITWELERSEMKARIAELEGENRDLKHQLNQ,42,0.005291005291005291,0.42857142857142855,0.037464995972740125,0.1044966609015396,0.0,0.047619047619047616,0.3378306878306879
752,YMR031C,EIS1,844,474,545,LVARMDTKVAERETLLEDTKSKEIEFKKQMQQELKDEKARLDQDLEEWGKKCEQDITEARKEQEELLKPYHD,72,0.013888888888888892,0.5,0.04855826531815974,0.10531472184961573,0.0,0.1111111111111111,0.3421296296296296
795,YMR244C-A,COA6,105,52,103,IKSHCKVENEKFEENCAHSWIKYFKEKRVIDFKREQTIKRIEQEAKQRERNQ,52,0.012820512820512813,0.4615384615384616,0.027785801854762808,0.068483653497727,0.0,0.1153846153846154,0.3288461538461538
722,YML013W,UBX2,585,355,402,VVNKTEMHELRMSREIKKLQEDAYKKSLEMDRIKAIEKEKSLKHAQDL,48,0.003787878787878786,0.4583333333333333,0.032392287981884746,0.0794689353665735,0.0,0.16666666666666666,0.3775462962962963
738,YML086C,ALO1,527,458,507,LAAGPVKKDTDYDDFEMRGMALKVEEWYGEDLKKFRKIRKEQDPDNVFLA,50,0.003636363636363633,0.44,0.1324093133617801,0.3432654435588004,0.0,0.24,0.3962222222222222
960,YOR265W,RBL2,107,30,82,EAHVAKLKEDKSVDPYDLKKQEEVLDDTKRLLPTLYEKIREFKEDLEQFLKTY,53,0.006792452830188676,0.4716981132075472,0.05419544838154474,0.1275882725433154,0.0,0.16981132075471694,0.381341719077568
943,YOR195W,SLK19,822,534,584,NLKVVQDKLIKNEETLKLKEAEIDSLNSEMDELKKQITSKDDEFKMWQSKY,51,0.0035650623885918,0.4313725490196079,0.057401479147811366,0.15181337661521765,0.0,0.1568627450980392,0.3786492374727669
844,YNL181W,YNL181W,408,325,380,LMTPELEEVNLKDTKVKYISDCSIVKFARKEFDDEELQKKLFDNTERDILQLEKKV,56,0.006428571428571429,0.44642857142857145,0.09513682005622028,0.23929934191099955,0.0,0.16071428571428573,0.4162698412698412
9,YAL032C,PRP45,380,203,249,LSEALENADKKARQEIRSKMELKRLAMEQEMLAKESKLKELSQRARY,47,0.009118541033434648,0.44680851063829785,0.04705945326011378,0.1215821069016769,0.0,0.10638297872340426,0.3765957446808511
18,YAR042W,SWH1,1189,1100,1155,LAPTDSRLRPDQRAMENGEYDKAAAEKHRVEVKQRAAKKEREQKGEEYRPKWFVQE,56,0.0027472527472527488,0.4642857142857143,0.03802391540434966,0.09013102523562788,0.0,0.14285714285714285,0.31230158730158725
134,YDL148C,NOP14,811,711,779,THAPKYEENFNPDKKSYDPDRTRSEINKMKAQLKKERKFTMKEIRKDAKFEARQRIEEKNKESSDYHAK,69,0.015345268542199487,0.4927536231884058,0.03298241731292638,0.07316528117776389,0.0,0.2318840579710145,0.285024154589372
945,YOR198C,BFR1,471,225,279,SQIRQIRADFDNEFKSFRAKLDKERLKREEEQRLSKLLEQKDVDMGKLQEKLTHA,55,0.002797202797202795,0.4727272727272727,0.0449036679203315,0.10398854948360284,0.0,0.21818181818181814,0.3537373737373737
576,YKL105C,SEG2,1133,323,376,NIEIAKLNEEEREQSLILELRKVKLDEERRMELLKRELNIVKENADLEAQELKL,54,0.011396011396011405,0.4814814814814815,0.04320420885509737,0.09991985636280916,0.0,0.0,0.4080246913580247
508,YJL050W,MTR4,1074,616,665,SVPVMEKKLAELKKDFDGIEVEDEENVKEYHEIEQAIKGYREDVRQVVTH,50,0.03272727272727274,0.44,0.08602408526847266,0.2384781420558888,0.0,0.04,0.3977777777777778
582,YKL137W,CMC1,112,58,107,KVFPTCDKQRDEMKSCLLFYQTDEKYLDGERDKIVLEKINKLEKLCQKQS,50,0.0009523809523809512,0.42,0.018039777028899032,0.04936274686474816,0.0,0.22,0.3911111111111111
859,YNL225C,CNM67,582,362,432,QNKILCDKFDKLTIDEKEILKGCNEEIKIKLERLNERLGSWEKSKEKYETSLKDKEKMLADAEKKTNTLSK,71,0.001657000828500413,0.4788732394366197,0.017595369527957747,0.039087712986108684,0.0,0.16901408450704225,0.3687010954616589
101,YDL005C,MED2,432,99,146,TLTALGKEKEKEREEAEKKRAEQENMRKVREQEELKKRQELEEASQQQ,48,0.0007716049382716077,0.5625,0.05900863925255126,0.11022474916329206,0.0,0.02083333333333333,0.2655092592592593
587,YKL172W,EBP2,428,273,318,YFAEMVKSDEHMDKIKGKLIEEASDKKAREEARRQRQLKKFGKQVQ,46,0.01581027667984189,0.4782608695652174,0.09374512568717697,0.2255971927589404,0.0,0.21739130434782608,0.3456521739130435
934,YOR124C,UBP2,1273,1074,1130,VIYMDRYADTENPLLLAKKKETEEMKQKLKVMKNRQRELLSRDDSGLTRKDAFLESI,57,0.0029239766081871343,0.42105263157894735,0.07206124881886977,0.19341153681027307,0.0,0.21052631578947367,0.3955165692007797
590,YKL179C,COY1,680,489,543,LPIVTKQRDRFRSRNMDLEKQLRQGNSEKGKLKLEISKLKGDNTKLYERIRYLQS,55,0.05289256198347106,0.4,0.03148512121053084,0.10159120190355472,0.0,0.2545454545454545,0.3608080808080808
41,YBR079C,RPG1,965,790,852,HVSGTKESELAAIRNQKKAELEAAKKARIEEVRKRRYEEAIARRKEEIANAERQKRAQELAEA,63,0.008465608465608464,0.4761904761904762,0.07943583387372381,0.18213817657823367,0.0,0.06349206349206349,0.3576719576719576
838,YNL139C,THO2,1598,1187,1232,LIGHLKARLKDALELDEFCTLTEEEAEQKRIREMELEEIKNYETAC,46,0.03913043478260868,0.43478260869565216,0.11146729820848328,0.3234856302617339,0.0,0.043478260869565216,0.4236714975845409
39,YBR079C,RPG1,965,571,618,NASYMEKVRIARETLIKKNKDDLEKISKIVDERVKRSQEQKQKHMEHA,48,0.015151515151515143,0.4583333333333333,0.04164086966996677,0.10519833110760984,0.0,0.20833333333333331,0.3483796296296297
563,YKL050C,YKL050C,923,423,472,SPVVNEIDERASRQRDVDKDIERRSRVLDQEYEDGNSMERAKEQNDGQLL,50,0.021739130434782625,0.46,0.07159481189482438,0.1820410417721985,0.0,0.18,0.3288888888888889
765,YMR115W,MGR3,502,113,166,EAIWQESDKMDFNYKEALRRYIEALDECDRSHVDLLSDDYTRIELKIAEMYEKL,54,0.03945249597423511,0.4259259259259259,0.042852081132270285,0.12429547861547972,0.0,0.12962962962962962,0.4090534979423868
863,YNL247W,YNL247W,768,660,712,IKFLTNDEKLEIVKLNEEKHANELAKKQKKLEQQKLREQKENERKQKAQIKPQ,53,0.018867924528301886,0.4716981132075472,0.052881718824347036,0.12787932476723368,0.0,0.1320754716981132,0.3113207547169811
90,YCR009C,RVS161,266,121,177,KFSTYFKEIEEAIKKRDHKKQDFDAAKAKVRRLVDKPAKDASKLPRAEKELSLAKDI,57,0.022556390977443608,0.4912280701754386,0.054073220404588215,0.12414699421469727,0.0,0.3157894736842105,0.3799220272904483
566,YKL061W,BLI1,114,38,100,SNEAWLEELENKFKLKDDVELDDVENLRAEIDMKLNMLEDKVSYYERLYKELEEFQNEIKIKT,63,0.04433497536945813,0.4603174603174603,0.0768366751786716,0.1990729412424589,0.0,0.047619047619047616,0.3915343915343916
536,YJR033C,RAV1,1358,925,971,ITSWNRAREYRIAYWIKEQDLVKKFEDIAKYEFSKDDKRDPSRCAIF,47,0.004255319148936171,0.425531914893617,0.018287106595721195,0.04989537999362596,0.0,0.2553191489361702,0.3907801418439717
103,YDL019C,OSH2,1284,1195,1244,LPPTDTRLRPDQRAMEDGRYDEAGDEKFRVEEKQRAARRKREENNLEYHP,50,0.0008000000000000012,0.5,0.07656879206752358,0.1661825366351275,0.0,0.18,0.2808888888888889
45,YBR084W,MIS1,976,501,552,STFYKRLVPRKKGIRKFTPSMQRRLKRLDIEKEDPDALTPEEVKRFARLNIN,52,0.05594405594405594,0.4230769230769231,0.11731701143449864,0.35928081397795764,0.0,0.2692307692307692,0.3818376068376068
29,YBL078C,ATG8,118,3,53,TFKSEYPFEKRKAESERIADRFKNRIPVICEKAEKSDIPEIDKRKYLVPAD,51,0.003267973856209145,0.4705882352941176,0.04614385960475384,0.1085554983747701,0.0,0.19607843137254904,0.3801742919389978
81,YCL057W,PRD1,713,142,192,DVQSKADSVERETFKYVEKSYKDYIHSGLELDEGNRLKIKEIKKKISVNSI,51,0.0009337068160597586,0.4117647058823529,0.06275181862481402,0.1759800226031028,0.0,0.17647058823529413,0.396078431372549
1040,YPR141C,KAR3,730,275,336,KHMQEIESIKKEIENTLKPELAEKKKLLTEKRNAYEAIKVKVKEKEEETTRLRDEVALKQKT,62,0.004682622268470341,0.5,0.04905274139617497,0.10520879951273472,0.0,0.08064516129032258,0.3584229390681003
595,YKL201C,MNN4,1179,365,416,VNSLYKLEIEETDKFTFDKDLVYLSPSDFKFDASKKIEELEEQKKLYPDKFS,52,0.013986013986013988,0.4230769230769231,0.056342007314322526,0.15646877964091604,0.0,0.15384615384615385,0.4057692307692308
56,YBR169C,SSE2,694,543,595,PVELNDLIEKENELRNQDKLVAETEDRKNALEEYIYTLRAKLDDEYSDFASDA,53,0.06644790812141098,0.4339622641509434,0.05528109930439195,0.16616910182667027,0.0,0.09433962264150944,0.3840670859538784
538,YJR043C,POL32,351,165,214,TALLAKMKKDRDDKETSRQNELRKRKEENLQKINKQNPEREAQMKELNNL,50,0.013333333333333338,0.48,0.03877335360461364,0.09116492798909127,0.0,0.2,0.28911111111111115
547,YJR134C,SGM1,708,617,661,LYDNLLKEKTKANDEILRLLEENDKFNEVNKQKDDLLKRVEQMQS,45,0.004444444444444441,0.4444444444444444,0.03032611834329577,0.07835993473719377,0.0,0.17777777777777778,0.36222222222222217
553,YKL017C,HCS1,684,307,359,IVKDISQEIDKLIQENKKLKNYKQRKENWNEIKLLRKDLKKREFKTIKDLIIQ,53,0.0369811320754717,0.4716981132075472,0.05360659499591616,0.13501092901827616,0.0,0.2830188679245283,0.3708595387840671
558,YKL032C,IXR1,598,393,434,LASARWKELTDDQKKPFYEEFRTNWEKYRVVRDAYEKTLPPK,42,0.005291005291005291,0.42857142857142855,0.042516248224501375,0.11840315536990192,0.0,0.19047619047619047,0.3439153439153439
561,YKL042W,SPC42,364,67,114,QNKELNFKLREKQNEIFELKKIAETLRSKLEKYVDITKKLEDQNLNLQ,48,0.004166666666666665,0.4166666666666667,0.03157746394422725,0.08867190892079313,0.0,0.125,0.3724537037037037
540,YJR072C,NPA3,386,239,288,FTGDGFDEFMQCVDKKVDEYDQYYKQEREKALNLKKKKEEMRKQKSLNGL,50,0.0008695652173913035,0.46,0.09461692645818748,0.2293864064510208,0.0,0.22,0.33555555555555555
650,YLR086W,SMC4,1419,1220,1271,DIGVLEEYARRLAEFKRRKLDLNNAVQKRDEVKEQLGILKKKRFDEFMAGFN,52,0.007525083612040131,0.4423076923076923,0.08884512339268905,0.2289690464440388,0.0,0.21153846153846154,0.4047008547008547
811,YNL005C,MRP7,372,156,196,NILKQLEVRESKRKELQDKLSKVLRDELKLDIKDIELATSY,41,0.0012836970474967902,0.4634146341463415,0.02448350954640004,0.060483045972501065,0.0,0.2195121951219512,0.41029810298102976
628,YLL011W,SOF1,490,370,420,NVRLWRSKAWERSNVKTTREKNKLEYDEKLKERFRHMPEIKRISRHRHVPQ,51,0.06905370843989768,0.4509803921568628,0.04486798247729362,0.129589557678695,0.0,0.21568627450980396,0.3115468409586057
1008,YPL225W,YPL225W,147,37,103,PGSKLRLTKFDDEIYENFMERFPEYKDVERVKKFTEEELKTKEAKERWRKFFTIFEKKIEDYNFGTL,67,0.0,0.4776119402985074,0.07331936676150361,0.16376118720308547,0.0,0.11940298507462685,0.3701492537313432
890,YNR054C,ESF2,317,132,186,ILTRFGEVDRLFLKKEDDQKYKQRVKGGGNKKNKYEEGWAEFIRKRDAKLCAETL,55,0.018181818181818167,0.4545454545454545,0.07368559971756318,0.1859658570591422,0.0,0.2363636363636364,0.3692929292929292
333,YGL110C,CUE3,625,482,532,YLWNLLKEDPKLFERSKRGTKVRKTMKEMTSWSDEKIEGWCRMLERSPTRA,51,0.023342670401493928,0.4117647058823529,0.05950547433604673,0.1758763207353425,0.0,0.17647058823529413,0.3708061002178649
273,YER068W,MOT2,588,71,126,GRCPACRRKYDDENVRYVTLSPEELKMERAKLARKEKERKHREKERKENEYTNRKH,56,0.02822580645161292,0.5535714285714286,0.055615144048930136,0.11165888700941848,0.0,0.19642857142857145,0.26865079365079364
322,YGL048C,RPT6,406,20,68,PYFEQKIQETELKIRSKTENVRRLEAQRNALNDKVRFIKDELRLLQEPG,49,0.004081632653061222,0.4081632653061225,0.034420480570059954,0.09896212587532363,0.0,0.12244897959183673,0.37369614512471655
1021,YPR072W,NOT5,561,35,80,PSNSSHREKLESDLKREIKKLQKHRDQIKTWLSKEDVKDKQSVLMT,46,0.017391304347826087,0.43478260869565216,0.03107858220951752,0.08587259716256405,0.0,0.2608695652173913,0.33719806763285026
375,YGR089W,NNF2,937,851,911,QLGSKLDKLNARNEKLQKEVDQNAEEIEKFSTQFLSKREKDRFRRKEYRIREANKFELTIK,61,0.01413227812323346,0.4754098360655738,0.0376381986699031,0.08785528200988298,0.0,0.18032786885245905,0.3380692167577413
420,YGR271C-A,EFG1,234,65,119,LQNNELKNKIKANAKKYHMVRFFEKKKALRKYNRLLKKIKESGADDKDLQQKLRA,55,0.1090909090909091,0.4363636363636363,0.06761696339828305,0.2201274964584804,0.0,0.3272727272727273,0.35393939393939383
248,YDR514C,YDR514C,484,113,162,NYRSIYEKSSELLDKKLEEIDKKWIEKNGCIPDASKDDVEKNLRKQYLAD,50,0.0008695652173913035,0.46,0.03545678626135061,0.0858019392820619,0.0,0.22,0.3604444444444445
894,YOL006C,TOP1,770,238,285,DYFQLQKEQKKQLTSQEKKQIRLEREKFEEDYKFCELDGRREQVGNFK,48,0.000905797101449276,0.4791666666666667,0.03787561500178405,0.08722923175006382,0.0,0.14583333333333334,0.3078703703703704
238,YDR482C,CWC21,136,61,106,KQIETHMEKREIEVQVSELRDRLEEEETLSEEQIDKKCEALRAKLT,46,0.02362948960302457,0.5,0.08293992143404144,0.1913210017079136,0.0,0.021739130434782608,0.3671497584541062
143,YDL166C,FAP7,198,21,72,STCEFLKNKLKDYKYYNISDFAKDNDCFEGYDEGRKSHIVDEDKLLDMLEPL,52,0.02289377289377289,0.40384615384615385,0.0637087340122943,0.19285476286109848,0.0,0.21153846153846154,0.3961538461538461
428,YHL014C,YLF2,406,140,191,SVVQDELILKDLEFLENIRERLSKKMRMVSKNSKEHQEMKIETELLDALEEH,52,0.013986013986013988,0.4230769230769231,0.08880959025030276,0.2471186698401957,0.0,0.038461538461538464,0.4147435897435897
432,YHR001W,OSH7,438,311,374,PLAPKVRPLEEQGEYESRRLWKKVTDALAVRDHEVATEEKFQIENRQRELAKKRAEDGVEFHSK,64,0.0,0.4375,0.08282472419328192,0.2074920652147668,0.0,0.09375,0.36440972222222223
249,YDR540C,IRC4,180,0,46,MREYTSKKELKEEIEKKYEKYDAEFETISESQKDEKVETVDRTPSEN,47,0.021276595744680857,0.5319148936170213,0.03362343568523202,0.07066923588762912,0.0,0.02127659574468085,0.3026004728132388
149,YDL208W,NHP2,157,31,77,KPLASKKLNKKVLKTVKKASKAKNVKRGVKEVVKALRKGEKGLVVIA,47,0.25195968645016803,0.40425531914893614,0.048002432860457175,0.2058628328777352,0.0,0.3191489361702128,0.4515366430260047
374,YGR089W,NNF2,937,795,845,QLKTLTEKELELEEEYLKKKDLHLKNQLEFSKLEESLSKDLKNSEGRFQKV,51,0.0008525149190110815,0.4509803921568628,0.06704366134390254,0.1658944048365648,0.0,0.05882352941176471,0.3673202614379085
186,YDR204W,COQ4,336,279,328,INVYWEEMLEKDVTALRKELKITLPPDLRTMRKERAALRKEIDAKYNSQK,50,0.008571428571428572,0.42,0.04728194006948673,0.13206521027039733,0.0,0.18,0.3984444444444444
210,YDR356W,SPC110,945,526,584,ENSQLKNKIEDNSTATHHMKENYEKQLESLRKDIEEYKESAKDSEDKIEELKIRIAENS,59,0.01569365976145637,0.4576271186440678,0.02560782330627764,0.06307872992798667,0.0,0.05084745762711865,0.3214689265536724
1004,YPL212C,PUS1,545,203,253,PGSILYRDIEESKTELPGVLDEDLESKEFWEEFKKDANEKFSTEEIEAILA,51,0.089126559714795,0.4313725490196079,0.05957445997716858,0.1909515054211459,0.0,0.0392156862745098,0.4143790849673202
387,YGR130C,YGR130C,817,718,769,QLTELQDKLATEEKELEAVKRERTRLQAEKAIEEQTRQKNADEALKQEILSR,52,0.003205128205128205,0.4615384615384616,0.0374245056142891,0.0901329575989986,0.0,0.038461538461538464,0.3527777777777778
1020,YPR065W,ROX1,369,52,104,WKGLQPEDKAHWENLAEKEKLEHERKYPEYKYKPVRKSKKKQLLLKEIEQQQQ,53,0.012578616352201252,0.4528301886792453,0.0895555688483152,0.2256454169522684,0.0,0.11320754716981132,0.29392033542976936
885,YNR021W,YNR021W,405,327,378,ITNDILKRTTNLRQQELNKIKKFMKETELELAKEKKLELEKAKRRQLKASGQ,52,0.04096989966555183,0.4423076923076923,0.0823699838724608,0.2291681339256617,0.0,0.17307692307692307,0.3645299145299145
285,YER164W,CHD1,1469,1040,1102,LPVKSFEKYGETYDEMMEAAKDCVHEEEKNRKEILEKLEKHATAYRAKLKSGEIKAENQPKDN,63,0.002267573696145125,0.4444444444444444,0.05887178769672659,0.1454172468856582,0.0,0.06349206349206349,0.3532627865961199
1030,YPR110C,RPC40,336,253,296,GVIGIDEGSDEAYVKDARKDTVSREVLRYEEFADKVKLGRVRNH,44,0.0011961722488038255,0.4318181818181818,0.08422531870605443,0.2283105278586612,0.0,0.20454545454545456,0.4083333333333333
293,YFL008W,SMC1,1226,729,787,QVTQQKRSLDENRLEIKYHNDLIEKEIQPKITELKKKLDDLENTKDNLVKEKEALQNNI,59,0.0006779661016949139,0.423728813559322,0.03698363803724482,0.09730370215827623,0.0,0.15254237288135594,0.35329566854990585
1017,YPR033C,HTS1,547,219,271,FQIAGVKDEDVRKISSAVDKLDKSPWEAVKKEMTEEKGQSEETADKIGEYVKL,53,0.007383100902378995,0.4339622641509434,0.03134724843493232,0.08232998375962723,0.0,0.1320754716981132,0.3999999999999999
313,YFR031C,SMC2,1171,741,795,QIIARNEEILRDIGECENEIKTKQMSLKKCQEEVSTIEKDMKEYDSDKGSKLNEL,55,0.012121212121212107,0.4363636363636363,0.0567359683356944,0.14901316524007555,0.0,0.07272727272727272,0.3789898989898989
314,YFR031C,SMC2,1171,847,898,SIESLKLENSDLEGKIRGVEDDLVTVQTELNEEKKRLMDIDDELNELETLIK,52,0.06772575250836123,0.4423076923076923,0.09359532375308577,0.2764323448987615,0.0,0.0576923076923077,0.4207264957264957
402,YGR175C,ERG1,497,102,149,YPYKADIPKVEKLKDLVKDGNDKVLEDSTIHIKDYEDDERERGVAFVH,48,0.015151515151515143,0.4583333333333333,0.045762389406315405,0.11581697127525008,0.0,0.25,0.387037037037037
386,YGR130C,YGR130C,817,652,700,QLSAITKRLEDERRAHEEQLKLEAEERKRKEENLLEKQRQELEEQAHQA,49,0.0073469387755102,0.5102040816326531,0.052026675571178335,0.11139769946259416,0.0,0.020408163265306117,0.30090702947845804
380,YGR111W,YGR111W,401,306,354,IHIPEETFQRKELKLKKLLRKAIEETKLHGLQELEFWDEEIPIKKYPQL,49,0.0,0.4081632653061225,0.1339102847875245,0.38262811617186493,0.0,0.040816326530612235,0.407936507936508
647,YLR086W,SMC4,1419,580,636,LLEETQAKLKKNVETLEEKILAKKTHKQELQDLILDLKKKLNSLKDERSQGEKNFTS,57,0.0029239766081871343,0.42105263157894735,0.08850052668075663,0.2376576932605788,0.0,0.14035087719298245,0.3797270955165693
154,YDR002W,YRB1,202,66,136,PVVHLEKVDVKTMEEDEEVLYKVRAKLFRFDADAKEWKERGTGDCKFLKNKKTNKVRILMRRDKTLKICAN,71,0.0158450704225352,0.4507042253521127,0.10935387094697492,0.2703192672339718,0.0,0.2535211267605634,0.4081377151799687
870,YNL272C,SEC2,760,50,108,NYNQLKEDYNTLKRELSDRDDEVKRLREDIAKENELRTKAEEEADKLNKEVEDLTASLF,59,0.020338983050847463,0.5084745762711864,0.04376906443692012,0.09542630860510624,0.0,0.13559322033898305,0.3365348399246704
207,YDR356W,SPC110,945,257,310,DVQSLKLRSKEDELKNLMNELNELKSNAEEKDTQLEFKKNELRKRTNELNELKI,54,0.0007407407407407407,0.46296296296296297,0.05261048947435841,0.12498782402509101,0.0,0.0925925925925926,0.34320987654320984
155,YDR023W,SES1,463,26,77,ASVEIVDEIISDYKDWVKTRFELDELNKKFNKLQKDIGLKFKNKEDASGLLA,52,0.0009157509157509144,0.40384615384615385,0.09015527301565304,0.25947489393334044,0.0,0.21153846153846154,0.4337606837606837
911,YOL114C,YOL114C,203,161,201,TTAETSKKWNKIKEKANKERLLDKKVHSDKKKNRSKIKFNY,41,0.12195121951219512,0.4878048780487805,0.05984485866303561,0.18188944350587447,0.0,0.3414634146341464,0.2997289972899729
910,YOL093W,TRM10,294,21,88,VPEGMSKKQWKKMCKRQRWEENKAKYNAERRVKKKRLRHERSAKIQEYIDRGEEVPQELIREPRINVN,68,0.04595588235294118,0.4705882352941176,0.1070335735451988,0.2691657822874175,0.0,0.17647058823529413,0.3119281045751633
164,YDR079W,PET100,112,55,110,NQIPKEPYEIKAELARMKKERLEKRLRLEKKIQEEFGLDLEEEKEKIKRDLALKKG,56,0.005184331797235018,0.5535714285714286,0.06405263025420413,0.12224667433871812,0.0,0.125,0.35000000000000003
909,YOL091W,SPO21,610,311,370,TTNKAYKTKYKEVSLENKKIKEAFKELDNESYNHDEELLKKYKYTRETLDRVNREQQLII,60,0.002564102564102563,0.43333333333333335,0.0836501524195571,0.2149580085795938,0.0,0.13333333333333333,0.3396296296296296
904,YOL054W,PSH1,407,87,134,YLSFILEKLRDQNDESFKKLLTTKTKEENDYKNDKEKDTLFDKVFKNS,48,0.0,0.4583333333333333,0.04460992708738986,0.10886164076990552,0.0,0.25,0.350462962962963
434,YHR019C,DED81,555,58,98,ISASALKKARKGCDGLKKKAVKQKEQELKKQQKEAENAAKQ,41,0.08672086720867209,0.4390243902439024,0.0869665335792141,0.2846526826264451,0.0,0.24390243902439024,0.3455284552845529
219,YDR376W,ARH1,494,206,259,LNLLRRAPVKDVKLIARRDFVHSKFTNKELRELWELEKYGIRGRIDPKFFQKEM,54,0.030303030303030307,0.4074074074074074,0.042487793180025685,0.12827625108067772,0.0,0.2222222222222222,0.4201646090534979
899,YOL034W,SMC5,1094,311,361,TLENQVEELTEKCSLKTDEFLKAKEKINEIFEKLNTIRDEVIKKKNQNEYY,51,0.0035650623885918,0.4313725490196079,0.06281969058816078,0.16613328657008455,0.0,0.0392156862745098,0.3758169934640522
225,YDR412W,RRP17,236,15,93,YATKQSKKFGTDEVTFDKDSRLDYLTGFHKRKLQRQKKAQEFIKEQERLRKIEERQKIRQERKEVMEEQLKTFKESLNL,79,0.01676359904208004,0.4683544303797468,0.07756230906856316,0.18177322569782844,0.0,0.18987341772151897,0.3324894514767932
227,YDR430C,CYM1,990,479,533,QGSEEFSKSLDDEEQTRLREKITALDEQDKKNIFKRGILLQEKQNEKEDLSCLPT,55,0.012121212121212107,0.4363636363636363,0.08447019341299293,0.22188349887572675,0.0,0.10909090909090907,0.3545454545454545
230,YDR460W,TFB3,322,143,198,IMNNLERSRTEIESFEQRQKFEKEMKLKKRLLERQIEEEERMNKEWTKKEIVNRLS,56,0.002551020408163263,0.5,0.06758069583002305,0.14562039285478695,0.0,0.03571428571428571,0.3315476190476191
895,YOL006C,TOP1,770,573,685,NNRIQELEWQKIRCKRAILQLDKDLLKKEPKYFEEIDDLTKEDEATIHKRIIDREIEKYQRKFVRENDKRKFEKEELLPESQLKEWLEKVDEKKQEFEKELKTGEVELKSSWN,113,0.0006103143118706152,0.5132743362831859,0.06354681524301074,0.12741922842586015,0.0,0.12389380530973453,0.3435594886922321
193,YDR297W,SUR2,350,296,348,TNFKGFEEYQKKQRRVTIDKYKEFLQERELEKKEKLKNFKAMNAAENEVKKEK,53,0.017470300489168405,0.5094339622641509,0.06442613361396743,0.1405842459091965,0.0,0.1320754716981132,0.31383647798742137
192,YDR285W,ZIP1,876,280,327,TINDLGKNKKEADAELMKKGKEIEYLKRELDDCSGQLSEEKIKNSSLI,48,0.0009920634920634905,0.4375,0.06524468739694336,0.17016075754515067,0.0,0.14583333333333334,0.3849537037037038
190,YDR259C,YAP6,384,319,377,NMSRNENENLKLENKRFHAEYIRMIEDIENTKRKEQEQRDEIEQLKKKIRSLEEIVGRH,59,0.0,0.4745762711864407,0.08447765403167454,0.1920698981749726,0.0,0.06779661016949153,0.32128060263653485
223,YDR394W,RPT3,429,44,93,SDIYFKLKKLEKEYELLTLQEDYIKDEQRHLKRELKRAQEEVKRIQSVPL,50,0.0008695652173913035,0.46,0.06181105388459466,0.14969630386817298,0.0,0.14,0.376
1007,YPL217C,BMS1,1184,1115,1164,VLTISKAKDSKRKEQKASQRKERLKKLAKMEEEKSQRDKEKKKEYFAQNG,50,0.05999999999999999,0.54,0.03585307770097443,0.0804550253660272,0.0,0.26,0.28844444444444445
218,YDR365C,ESF1,629,512,562,NMNEILRSEKEKHKKGRYQKKERIVEDTFTPDLEDPRFKEVFEDHDFAIDP,51,0.007058823529411768,0.4901960784313725,0.10724496554387444,0.2413107530332222,0.0,0.17647058823529413,0.3355119825708061
438,YHR039C-A,VMA10,115,8,64,TLLQAEKEAHEIVSKARKYRQDKLKQAKTDAAKEIDSYKIQKDKELKEFEQKNAGGV,57,0.00631578947368421,0.43859649122807015,0.051323266411323856,0.13161048609312956,0.0,0.19298245614035087,0.3588693957115009
607,YKR043C,SHB17,272,76,131,VLKPLSDEQRAKIRVVVDDDLREWEYGDYEGMLTREIIELRKSRGLDKERPWNIWR,56,0.000714285714285716,0.44642857142857145,0.08002941551020162,0.1987057085499569,0.0,0.19642857142857145,0.3912698412698413
1002,YPL202C,AFT2,417,132,177,HSHELRFDLITKTDDYKKFKENLRQKNDEKAIKTFDELEYKASLNL,46,0.0,0.43478260869565216,0.03974502718230597,0.10490892093552467,0.0,0.21739130434782608,0.3596618357487923
616,YKR095W,MLP1,1876,70,164,KASSLKKIDGLKTEMENVIRENDKIRKERNDTFVKFESVENEKMKLSSELEFVKRKLDDLTEEKKETQSNQQRTLKILDERLKEIELVRVENNRS,95,0.00023391812865497096,0.4736842105263158,0.0443490724212366,0.0979289795350856,0.0,0.1368421052631579,0.3639766081871346
304,YFR013W,IOC3,788,449,505,LIQSRYEIRSKKKHFVKQLKEGKKPDLSRKLEILKEIKAELKNAVKSEKDELLFSLY,57,0.0343859649122807,0.43859649122807015,0.04876919669455637,0.13317622627081274,0.0,0.19298245614035087,0.4060428849902534
617,YKR095W,MLP1,1876,785,840,QLQTLQKEREDLLEETRKSCQKKIDELEDALSELKKETSQKDHHIKQLEEDNNSNI,56,0.017857142857142856,0.44642857142857145,0.0893021846875785,0.23063110697946435,0.0,0.08928571428571429,0.3259920634920635
189,YDR258C,HSP78,812,335,395,LRLQHESKPDEIQKLDRAIMKIQIELESLKKETDPVSVERREALEKDLEMKNDELNRLTKI,61,0.002341920374707261,0.459016393442623,0.02952062265226992,0.07014184132342942,0.0,0.13114754098360654,0.3881602914389799
220,YDR388W,RVS167,483,14,60,QSFRQKFKMGEQTEDPVYEDAERRFQELEQETKKLSEESKRYSTAVN,47,0.004255319148936171,0.425531914893617,0.10182176683920728,0.2791847905546224,0.0,0.0425531914893617,0.3179669030732861
618,YKR095W,MLP1,1876,977,1025,NLNNELDLQKKGMEKEKADFKKRISILQNNNKEVEAVKSEYESKLSKIQ,49,0.004081632653061222,0.4081632653061225,0.04972648625281605,0.14304771045570144,0.0,0.12244897959183673,0.3589569160997733
864,YNL250W,RAD50,1313,742,798,LNSINEKIDNSQKCLEKAKEETKTSKSKLDELEVDSTKLKDEKELAESEIRPLIEKF,57,0.005847953216374269,0.4736842105263158,0.050673903003171435,0.11745523929565092,0.0,0.08771929824561403,0.3738791423001949
822,YNL079C,TPM1,200,123,196,KKNQQLEEDLEESDTKLKETTEKLRESDLKADQLERRVAALEEQREEWERKNEELTVKYEDAKKELDEIAASLE,74,0.03378378378378377,0.5405405405405406,0.06469342722123106,0.13335653975328904,0.0,0.027027027027027032,0.3262762762762763
195,YDR308C,SRB7,141,81,132,GVDVSAEEQLRKIDMLQKKLVEVEDEKIEAIKKKEKLLRHVDSLIEDFVDGI,52,0.012820512820512813,0.4615384615384616,0.08805079734704335,0.2171226547894336,0.0,0.15384615384615385,0.4508547008547008
141,YDL159W,STE7,516,467,514,KYVSPSKDDKFRHWCRKIKSKIKEDKRIKREALDRAKLEKKQSERSTH,48,0.08012820512820515,0.5416666666666666,0.049909448445598435,0.11712066310148544,0.0,0.375,0.30092592592592593
198,YDR316W,OMS1,472,120,190,LFFTKKLFAKDKELERLLKKQEEGNANEYEALRIKELKGKLRRRDELKLEEYKKMQEEGIENFDDIRVQNF,71,0.0004024144869215297,0.4929577464788733,0.08286460238550651,0.1775773653018718,0.0,0.1267605633802817,0.3665101721439749
425,YGR285C,ZUO1,434,228,362,SWRTFEFLDEDVPDDSSNRDHKRYIERKNKAARDKKKTADNARLVKLVERAVSEDPRIKMFKEEEKKEKERRKWEREAGARAEAEAKAKAEAEAKAKAESEAKANASAKADKKKAKEAAKAAKKKNKRAIRNSAK,135,0.02347417840375588,0.5259259259259259,0.07277550906478608,0.1482878450963081,0.007407407407407408,0.24444444444444444,0.3274897119341564
927,YOR086C,TCB1,1187,791,856,VLTLEEIQDLDKVNKKKKALELRKSAIDEKKISKEDKAKFDQEWNEVKELEDMYSNRQKLDLPELL,66,0.0018939393939393944,0.4848484848484849,0.09727999929602373,0.21466345332618925,0.015151515151515154,0.18181818181818185,0.3772727272727273
490,YIR002C,MPH1,994,481,543,IGQARAKEGFDEVKYTRKHAPKGRKKVERLHRQEQEKFLEAERTKRAANDKLERSARRTGSSE,63,0.033862433862433865,0.4761904761904762,0.07458010689933743,0.18093217067679507,0.015873015873015872,0.19047619047619047,0.31393298059964725
644,YLR068W,FYV7,152,3,126,AKQNQNRKKFTREYKVKEIQRSITKKTRLRKEYLKALKDEGYAVPEKEPKTVAKESVRKIKEARAIEGKKKLDEKKEIKKQRKRMQKDELNKQRNEQLERIRVSKEKFQRREDRKKKLTQRTRT,124,0.08774675012036591,0.5403225806451613,0.059372214741250415,0.1346193819806228,0.016129032258064516,0.28225806451612906,0.2927419354838709
24,YBL027W,RPL19B,190,128,188,GNAFKHKRALVEHIIQAKADAQREKALNEEAEARRLKNRAARDRRAQRVAEKRDALLKEDA,61,0.02107728337236533,0.459016393442623,0.0732473735116797,0.18159386086515847,0.016393442622950817,0.2295081967213115,0.3648451730418943
44,YBR084C-A,RPL19A,190,128,188,GNAFKHKRALVEHIIQAKADAQREKALNEEAEARRLKNRAARDRRAQRVAEKRDALLKEDA,61,0.02107728337236533,0.459016393442623,0.0732473735116797,0.18159386086515847,0.016393442622950817,0.2295081967213115,0.3648451730418943
1018,YPR049C,ATG11,1179,785,842,DIISQDNEKIEKLTGDYDDVSKSRERLQMDLDESNKKHEQEVNLLKADIERLGKQIVT,58,0.017241379310344827,0.4310344827586207,0.056708030849547765,0.1522712197259769,0.017241379310344827,0.1896551724137931,0.3733716475095785
253,YEL043W,YEL043W,957,283,339,SKLLTDLKIEKLNKKIDKSKEKISKMRNDMQKWSQEDTELLSKDTIKEKYFKLLNES,57,0.010796221322537113,0.456140350877193,0.04681178415992654,0.1151637120238734,0.017543859649122806,0.2456140350877193,0.3651072124756336
311,YFR031C,SMC2,1171,167,220,AAGTKMFEDRREKAERTMSKKETKLQENRTLLTEEIEPKLEKLRNEKRMFLEFQ,54,0.0028490028490028487,0.4814814814814815,0.03622794209642576,0.08224751887862516,0.018518518518518517,0.07407407407407407,0.3483539094650205
371,YGR076C,MRPL25,158,103,155,LLPKGHKHELKLNEKLKKREEALKKVDELIASKKGSKYAKRVEKMKKNQSIGW,53,0.07861635220125784,0.4528301886792453,0.053077125027455735,0.1546268358204131,0.018867924528301886,0.22641509433962265,0.3637316561844863
447,YHR088W,RPF1,296,6,58,INITNKLKRQEIFADIKHEKNKERHTMRRKRAKEERENPELREQRLKENVTQT,53,0.02612481857764876,0.490566037735849,0.07538321139180658,0.17611636258612645,0.018867924528301886,0.1509433962264151,0.29224318658280923
122,YDL107W,MSS2,352,298,350,FFDCCVKEENFKGARDCLESVKKLGNDKDKKTMINVFLESRKDSIKLLDKARL,53,0.007383100902378995,0.4339622641509434,0.023074683233713783,0.06064408911555238,0.018867924528301886,0.2830188679245283,0.4301886792452829
559,YKL032C,IXR1,598,448,499,RPTVVKENPDKGLIEITKIIGERWRELDPAKKAEYTETYKKRLKEWESCYPD,52,0.000836120401337794,0.4423076923076923,0.0478435076130177,0.1213611002446192,0.019230769230769232,0.1346153846153846,0.3636752136752136
966,YOR287C,RRP36,301,247,297,NTRYHLKKSEKRKVVQKWKFDHMKAKQREKVMERKRKKRLGKEFKQFEFHN,51,0.14781297134238314,0.5098039215686274,0.0757381138681449,0.221324056477564,0.0196078431372549,0.3137254901960784,0.2891067538126362
706,YLR410W,VIP1,1147,699,749,LFGADELGSDEISIRKDLLDDSNAAKDLMDKVKKKLKPLLREGKEAPPQFA,51,0.0009337068160597586,0.4117647058823529,0.104784640534304,0.2940698890268107,0.0196078431372549,0.2549019607843137,0.4259259259259259
361,YGR001C,EFM5,249,16,66,NALAALEEFKREEQQHQEAFQKLYDETDEDFQKKKKEEGMKLFKEDWQLSQ,51,0.021312872975277068,0.4509803921568628,0.09088130280968808,0.23579325136562845,0.0196078431372549,0.05882352941176471,0.3241830065359477
276,YER142C,MAG1,297,215,264,FSKYLSDKPELEKELMRERKVVKKSKIKHKKYNWKIYDDDIMEKCSETFS,50,0.013333333333333338,0.48,0.11850791015283167,0.2794210204343157,0.02,0.24,0.3591111111111111
357,YGL237C,HAP2,266,165,214,KQYYRILKRRYARAKLEEKLRISRERKPYLHESRHKHAMRRPRGEGGRFL,50,0.14695652173913046,0.46,0.0576711441385287,0.1933308249668836,0.02,0.26,0.3197777777777778
809,YNL002C,RLP7,323,13,59,SNPEILLRKRRNADRTRIERQELAKKKREEQIKKKRSNKNKFVRAES,47,0.10297872340425533,0.5319148936170213,0.10714004573555128,0.27106445894355496,0.02127659574468085,0.2765957446808511,0.2907801418439717
552,YKL016C,ATP7,175,125,171,QSARPFDELTVDDLTKIKPEIDAKVEEMVKKGKWDVPGYKDRFGNLN,47,0.0011198208286674132,0.40425531914893614,0.060730104905121735,0.17748191666910346,0.02127659574468085,0.23404255319148934,0.3962174940898345
804,YMR294W,JNM1,374,330,371,WLKALNELDKKFDEQEVKIRENMEQIRRKIDTLEDEALQRNS,42,0.0047619047619047675,0.4761904761904762,0.0910046853128921,0.21755048868178067,0.023809523809523808,0.14285714285714285,0.3560846560846561
301,YFR009W,GCN20,753,283,350,KQLLSEEAKINERLKEMDVLRQEFEEDSLEVKKLDNEREDLDNHLIQISDKLVDMESDKAEARAASIL,68,0.03842504743833017,0.4558823529411765,0.05424775339931282,0.13949852174321178,0.029411764705882356,0.10294117647058824,0.4031045751633987
687,YLR281C,YLR281C,156,97,154,YDTMPSREEALLQWHRQQKRSQRRRSVAKYEQREEAARVEKEEREARDREMVRELFRR,58,0.009195402298850571,0.5172413793103449,0.06755805456861701,0.14132911705537451,0.03448275862068965,0.13793103448275862,0.2902298850574713
241,YDR485C,VPS72,796,201,255,NTMKVYEKLSKAEKKRKIIQERIRKHKEQESQHMLTQEERLRIAKETEKLNILSL,55,0.02727272727272726,0.4363636363636363,0.05115526888639488,0.13898362816713733,0.03636363636363636,0.10909090909090907,0.35999999999999993
546,YJR134C,SGM1,708,157,209,SSFFKLIKEKDDLIDQLRKEGAKLAETELRQSNQIKALRTKVKDLEYEVSELN,53,0.0,0.4150943396226415,0.0696835519915098,0.1916413109082079,0.03773584905660377,0.1509433962264151,0.4083857442348008
762,YMR089C,YTA12,826,741,791,IVQECHDRCTKLLKEKAEDVEKIAQVLLKKEVLTREDMIDLLGKRPFPERN,51,0.0,0.4313725490196079,0.047714973913167584,0.125055568923158,0.0392156862745098,0.1568627450980392,0.4296296296296296
208,YDR356W,SPC110,945,400,450,DSQLGSREEELKKTNDKLQKDIRIAREETVSKDERIIDLQKKVKQLENDLF,51,0.0007843137254901951,0.4901960784313725,0.04118624806036432,0.09119612275332777,0.0392156862745098,0.21568627450980396,0.35599128540305003
14,YAL047C,SPC72,623,566,613,PNKELTLRIEELQRRWISERERRKLDANASEARIKALEQENESLRSKL,48,0.003787878787878786,0.4583333333333333,0.05230625041357241,0.12877546792818706,0.04166666666666666,0.08333333333333333,0.3537037037037037
935,YOR127W,RGA1,1008,613,660,QLKINLKELESQREELMKEITEMKSMKEALRRHIESYNSEKNKLYLDS,48,0.0,0.4166666666666667,0.027547352776242026,0.0765732690721039,0.04166666666666666,0.04166666666666666,0.3699074074074075
10,YAL034W-A,MTW1,290,110,157,DLVIVDENELKKSEEKLREKVNDVELAFKKNEMLLKRVTKVKRLLFTI,48,0.003787878787878786,0.4583333333333333,0.09529394976981356,0.2351209304986915,0.04166666666666666,0.16666666666666666,0.4481481481481482
95,YCR036W,RBK1,334,201,247,ESVFDNELVEEIREKIKDDFLGEYRKICELLYEKLMNRKKRGIVVMT,47,0.0010131712259371837,0.44680851063829785,0.11381762489294465,0.2894240132225641,0.0425531914893617,0.10638297872340426,0.4382978723404254
275,YER104W,RTT105,209,88,133,PIAPSERQRADQRSRLESMRLTRRRDKMTKVRGGLEKMEEMIMQGE,46,0.017391304347826087,0.43478260869565216,0.05492211657154997,0.15171954587852854,0.043478260869565216,0.17391304347826084,0.3521739130434782
328,YGL093W,SPC105,918,595,639,ENLNTLKREYEKLNEEVEKVNSIRGKIRKLNEAIKEEIRSLKNLP,45,0.004444444444444441,0.4444444444444444,0.07177980659111091,0.1866671377926856,0.04444444444444445,0.04444444444444445,0.3706172839506173
331,YGL108C,YGL108C,141,75,139,KNKVSPKEAARLAAEKRFQETNEKYNKGELGKKLAQERAKSHKTRLMEEAEKKHAERERENMIYD,65,0.01240694789081886,0.476923076923077,0.03996334581172818,0.09205191295536247,0.04615384615384616,0.1076923076923077,0.31230769230769234
497,YJL003W,COX16,119,54,117,FTAIKYEQGDRKVQEINEEDILKIRKNQREFDIKEEYYRLQGLSEEDWEPVRVARLKDESENVW,64,0.013469827586206896,0.453125,0.10162264729468684,0.2509447540811424,0.046875,0.078125,0.359201388888889
632,YLL026W,HSP104,909,401,502,GVAVARDSKPEELDSKERQLQLIQVEIKALERDEDADSTTKDRLKLARQKEASLQEELEPLRQRYNEEKHGHEELTQAKKKLDELENKALDAERRYDTATAA,102,0.007672634271099742,0.4509803921568628,0.06431369661783108,0.1521448201238427,0.04901960784313725,0.1176470588235294,0.3551198257080612
653,YLR105C,SEN2,378,126,186,VTQQRRLQRLEFKKERAKLERELLELRKKGGHIDEENILLEKQRESLRKFKLKQTEDVGIV,61,0.01413227812323346,0.4754098360655738,0.0954616091413184,0.22300538448808124,0.049180327868852465,0.14754098360655735,0.3739526411657559
645,YLR079W,SIC1,285,222,278,ELVTQEIRNERKRAMLRENPDIEDVITYVNKKGEVVEKRRLTDEEKRRFKPKALFQS,57,0.005847953216374269,0.4736842105263158,0.09574981730242868,0.2219710516613612,0.05263157894736842,0.15789473684210525,0.3639376218323587
400,YGR169C-A,LSO2,93,28,84,AQMEQLEAEEASKWEQGSRKENAKKLEEEQKRQEKARAKKERDALLTAEEEQLGKGG,57,0.0025062656641604013,0.4912280701754386,0.0812734551610112,0.17853421587743498,0.05263157894736842,0.0,0.30584795321637426
643,YLR056W,ERG3,366,307,361,RLGGSYRRPDDSLFDPKLRDAKETWDAQVKEVEHFIKEVEGDDNDRIYENDPNTK,55,0.018181818181818167,0.4545454545454545,0.0592821597412732,0.1496617636917118,0.054545454545454536,0.2363636363636364,0.3343434343434343
153,YDL239C,ADY3,791,282,335,SMNDAKLQRIEDLQKEFHNERKAASKRLNIVQDRFRKEIKKIREEKITDFQNKN,54,0.018518518518518528,0.46296296296296297,0.038350156679590665,0.09484425830454674,0.05555555555555555,0.24074074074074076,0.3347736625514403
349,YGL206C,CHC1,1654,421,472,FSTLLDKGKLNKEETIELARPVLQQDRKQLFEKWLKEDKLECSEELGDIVKP,52,0.0034965034965034965,0.4230769230769231,0.05431307155492771,0.1474866332909754,0.0576923076923077,0.1153846153846154,0.40897435897435896
887,YNR033W,ABZ1,788,229,279,NNVKTGRWEKKKLNGEFSDILSRLDRTIDRDPIYKVKEKYPKGEDTTYVKQ,51,0.01426024955436719,0.4313725490196079,0.04283633305388358,0.11605937208025036,0.05882352941176471,0.27450980392156865,0.34335511982570804
236,YDR473C,PRP3,470,90,139,KFYQKGEISKRIAQERTLQKQQEEEELKRKLKQEEDEKDKRKLIESGDLP,50,0.000740740740740742,0.54,0.110925854555533,0.21772623970688376,0.06,0.14,0.29466666666666674
549,YKL002W,DID4,233,9,58,KNVTPQERLKKNQRALERTQRELEREKRKLELQDKKLVSEIKKSAKNGQV,50,0.05333333333333334,0.48,0.04000402724129186,0.10307688642961232,0.06,0.2,0.3144444444444445
534,YJR002W,MPP10,594,494,542,IYNVGKAEKDGEIRLKNGVAMSKEELTREDKNRLRRALKRKRSKANLPN,49,0.059369202226345084,0.4489795918367347,0.10357940791858514,0.2971197530035813,0.061224489795918366,0.24489795918367346,0.3512471655328798
813,YNL039W,BDP1,595,286,350,GQISENFEKSKMAKKAKLEKRRHLRELRMRARQEFKPLHSLTKEEQEEEEEKRKEERDKLLNADI,65,0.003956043956043956,0.5384615384615384,0.10462763887500244,0.2042043220204301,0.061538461538461535,0.1076923076923077,0.30905982905982904
734,YML072C,TCB3,1546,938,1000,EELVNVEKLEKELKEKKKKFEATQEENEQEMEKNPKEWEVAEIEDPFDSDEKKINRKAKLSLN,63,0.01680672268907563,0.5396825396825397,0.12410218972073425,0.2488254759490829,0.06349206349206349,0.0,0.31904761904761897
585,YKL155C,RSM22,629,555,600,LGDLNVKKFHKLEKERIKQLKKEERQKARKAMESYNELEDSLQFDD,46,0.0009451795841209816,0.5,0.11495436112637294,0.2519020284224961,0.06521739130434782,0.1956521739130435,0.33454106280193235
291,YFL004W,VTC2,829,526,584,VASLYGDDEKLDILPFWLPDLETDIRQDPKQAYEEEKKKLLKQKEIQKKIDGMRRLSNL,59,0.0006779661016949139,0.423728813559322,0.07079429399028063,0.18666792231762566,0.06779661016949153,0.22033898305084745,0.3902071563088512
823,YNL087W,TCB2,1179,780,850,VPVLSLEEAKEVDEINEKKDKLEKQKSTLDDKNISKEEKERIKKEEFRLTEKYDMYSYKMKLDLDELLQYN,71,0.006259780907668234,0.5070422535211268,0.045580672605852926,0.09559427312149404,0.07042253521126761,0.14084507042253522,0.35320813771517995
251,YEL022W,GEA2,1460,526,581,SLVDDMFDHMKDIDREEFGRQKNEMEILKKRDRKTEFIECTNAFNEKPKKGIPMLI,56,0.000714285714285716,0.44642857142857145,0.06653553832469883,0.1651761493874143,0.07142857142857142,0.19642857142857145,0.3871031746031746
702,YLR383W,SMC6,1115,697,751,TQYLKDLIEQETKELQNIRDRYEEKLSEVRSRLKEIDGRLKSTKNEMRKTNFRMT,55,0.006545454545454537,0.4545454545454545,0.04351558122423831,0.10698970340880708,0.07272727272727272,0.16363636363636366,0.3381818181818181
16,YAR008W,SEN34,276,80,133,LSKIVNDRLNKSFEYQRKFKKDEHIAKLKKIGRINDKTTAEELQRLDKSSNNDQ,54,0.02012882447665056,0.4259259259259259,0.06634903351503163,0.18411127068292524,0.07407407407407407,0.2777777777777778,0.3444444444444444
915,YOR006C,TSR3,314,180,233,GFLELNKELLEIYQQCTDCDSVKRAEEEWLQKLEKETQERKSRAKEEDIWMMGN,54,0.02012882447665056,0.4259259259259259,0.05558618872803429,0.154127575543455,0.07407407407407407,0.018518518518518517,0.3711934156378601
391,YGR148C,RPL24B,156,83,133,GASLDLIKERRSLKPEVRKANREEKLKANKEKKRAEKAARKAEKAKSAGVQ,51,0.07541478129713426,0.5098039215686274,0.03417245660196901,0.08505168418023172,0.0784313725490196,0.2352941176470588,0.3413943355119825
986,YPL043W,NOP4,686,486,536,VEFATEVKNKERHPLSKEEIIRSTKEKYKFMGPDEIEAQKKKDKKSGVVKQ,51,0.013071895424836609,0.4705882352941176,0.06061321241357566,0.14587038844159886,0.0784313725490196,0.1568627450980392,0.35098039215686266
954,YOR243C,PUS7,677,66,116,FLVNEIDQEGKVIHLTDKGFKMPKKPQRSKEEVNAEKESEAARRQEFNVDP,51,0.0009337068160597586,0.4117647058823529,0.07904285469887422,0.22191336861289626,0.0784313725490196,0.09803921568627452,0.3642701525054466
148,YDL207W,GLE1,539,143,244,KEIQSIRENKRRVEEQRKRKEEEERKRKEAEEKAKREQELLRQKKDEEERKRKEAEAKLAQQKQEEERKKIEEQNEKERQLKKEHEAKLLQQKDKLGKAVTN,102,0.007390648567119163,0.6372549019607843,0.035773270034311334,0.057400763889157824,0.0784313725490196,0.10784313725490197,0.2356209150326797
