,orf,gene,seq.len,left.bound,right.bound,region.seq,region.len,charge.asymmetry,frac.charge,kappa1,kappa2,af.frac.disordered,norm.nc,norm.hydro,structure.in.pdb,region.in.pdb,helix,link,notes
383,YGR124W,ASN2,573,431,484,MNIDPNEKMIKPKEGRIEKYILRKAFDTTDEPDVKPYLPEEILWRQKEQFSDGV,54,0.003367003367,0.4074074074,0.07233846657,0.2053308516,0,0.1481481481,0.3810699588,n,n,NA,,
663,YLR131C,ACE2,771,188,240,QVLLKQQEELRIALEKQKEVNEKLEKQLRDNQIQQEKLRKVLEEQEEVAQKLV,53,0.0008203445447,0.4339622642,0.05540725321,0.1436510049,0,0.01886792453,0.372327044,n,n,NA,,
675,YLR211C,ATG38,227,161,216,KINLRLEQFKKELVLYEQKKFKEYGMKIDEITKENKKLANEIGRLRERWDSLVESA,56,0.006428571429,0.4464285714,0.02825771156,0.07091402085,0,0.125,0.3898809524,n,n,NA,,
965,YOR287C,RRP36,301,174,222,KRYQFLDEYREKEIDELQKLLQERKFLSKIDQGEREEMEQRLKSMKSRL,49,0.0008163265306,0.5102040816,0.06777750239,0.1431502676,0,0.1428571429,0.3317460317,n,n,NA,,
476,YIL127C,RRT14,207,44,94,KAQLIDRNLKKRVQLQNRDVHKIKKKCKLVKKKKVKKHKLDKEQLEQLAKH,51,0.1764705882,0.4901960784,0.1149211977,0.3751113868,0,0.4117647059,0.3411764706,y,n,NA,https://www.rcsb.org/sequence/6LQU#RV,
467,YIL084C,SDS3,328,59,120,GQYARQVRDLEEERDLELVRLRLFEEYRVSRSGIEFQEDIEKAKAEHEKLIKLCKERLYSSI,62,0.002304147465,0.4516129032,0.05974659464,0.1448580803,0,0.06451612903,0.4012544803,n,n,NA,,
858,YNL220W,ADE12,434,162,207,AWEEFVARYKRLLETRRQRYGDFEYDFEAKLAEYKKLREQLKPFVV,46,0.004347826087,0.4347826087,0.09490339564,0.2538576776,0,0.1304347826,0.3942028986,n,n,NA,,
781,YMR213W,CEF1,591,159,212,LNTQGKKATRKIRERMLEESKRIAELQKRRELKQAGINVAIKKPKKKYGTDIDY,54,0.07716049383,0.4444444444,0.08505954372,0.253361052,0,0.2592592593,0.3576131687,y,y,y,https://www.rcsb.org/sequence/7DCO#L,
89,YCR003W,MRPL32,184,127,182,WKTHTAKEEIKPRQEEELSELDQRVLYPGRRDTKYTKDLKDKDNYLERRVRTLKKD,56,0.005541871921,0.5178571429,0.0645239906,0.1339409119,0,0.2678571429,0.2996031746,n,n,NA,,
443,YHR073W,OSH3,997,902,975,NLNEITEIEKGNLPPTDSRLRPDIRAYEEGNVDKAEEWKLKLEQLQRERRNKGQDVEPKYFEKVSKNEWKYITG,74,0.0004359197908,0.4189189189,0.03625008219,0.09437519163,0,0.09459459459,0.339039039,y,y,y,https://www.rcsb.org/sequence/4INQ#A,
976,YOR335C,ALA1,959,798,841,SVITKNELKQKFNKIEKAVKDEVKSRAKKENKQTLDEVKTFFET,44,0.01818181818,0.4545454545,0.04626167803,0.1209888848,0,0.1818181818,0.3689393939,n,n,NA,,
831,YNL110C,NOP15,221,165,216,VLPKGAKIEKLYKYKKRVLVEKGITKPVKQLKDNMKQKHEERIKKLAKSGIE,52,0.1011705686,0.4423076923,0.06326886515,0.2010963725,0,0.25,0.3901709402,y,y,partial,https://www.rcsb.org/sequence/3JCT#o,
692,YLR314C,CDC3,521,450,499,VFQQKVSEKEKKLQKSETELFARHKEMKEKLTKQLKALEDKKKQLELSIN,50,0.02173913043,0.46,0.03870203362,0.09818079272,0,0.14,0.3575555556,n,n,NA,,
674,YLR200W,YKE2,115,60,103,QSEARTNVDKRLEFIETEITRCEKNIRDKQEELEKMRSELIKLN,44,0.001082251082,0.4772727273,0.03001003664,0.07034955761,0,0.06818181818,0.3603535354,n,n,NA,,
776,YMR188C,MRPS17,238,14,64,KMQKTVKVRVETKVFNKKINKELFHRRDYLVHDEGEISREGDLVRIEATRP,51,0.01426024955,0.431372549,0.06813031145,0.1848670283,0,0.1960784314,0.3912854031,n,n,NA,,
1036,YPR131C,NAT3,196,148,188,DGYPDTLKKVDDNKDAFDMRKAMARDRNRSVRPDGRSHKCY,41,0.01155327343,0.4634146341,0.0466637258,0.1179106632,0,0.4634146341,0.318699187,n,n,NA,,
759,YMR077C,VPS20,222,7,57,VHITKTDRAILEVKRSKDEIHKFTRRTDNLILVEKSQLKDLIRKNPENYKS,51,0.0233426704,0.4117647059,0.02943894808,0.08664219452,0,0.2549019608,0.3877995643,n,n,NA,,
758,YMR052W,FAR3,205,143,197,QNYESLKTENEETKKKLHSIIKQFEKLLKEVDWDRISKDSRDYSRFKKQLEYLQD,55,0.0007272727273,0.4545454545,0.06079442759,0.1473655485,0,0.2,0.3327272727,n,n,NA,,
767,YMR117C,SPC24,214,8,58,DNPVEFLKEVRESFDIQQDVDAMKRIRHDLDVIKEESEARISKEHSKVSES,51,0.02131287298,0.4509803922,0.04831157233,0.1250893174,0,0.137254902,0.3864923747,y,y,y,https://www.rcsb.org/structure/5TD8,
780,YMR207C,HFA1,2124,2001,2056,KGVIRNELEWKKSRRFLYWRLRRRLNEGQVIKRLQKKTCDNKTKMKYDDLLKIVQS,56,0.1071428571,0.4285714286,0.07877523746,0.260893904,0,0.3214285714,0.3704365079,n,n,NA,,
779,YMR201C,RAD14,372,266,322,LFVRCEVEAFAFKKWGGEEGLDEEWQRREEGKAHRREKKYEKKIKEMRLKTRAQEYT,57,0.005444646098,0.5087719298,0.0921128325,0.1949078859,0,0.08771929825,0.3335282651,y,partial,y,https://www.rcsb.org/sequence/5A3D#A,
483,YIL149C,MLP2,1680,711,763,KIKSLEYEISKLKKETASFIPTKESLTRDFEQCCKEKKELQMRLKESEISHNE,53,0.0008203445447,0.4339622642,0.03564533539,0.09229615654,0,0.05660377358,0.3769392034,n,n,NA,,
603,YKR016W,MIC60,541,212,262,NTQYENSKREFEKNLQKNLLQEVDEFKENLTKQKDKELEEKLKANEELLQA,51,0.007672634271,0.4509803922,0.04617590199,0.1160517038,0,0.01960784314,0.3185185185,n,n,NA,,
705,YLR410W,VIP1,1147,290,346,PTPPRLEISRDGGPRANEELRAKLREHGVEVKPVEEPEWKMVDDDTLEVDGKTMTKP,57,0.01169590643,0.4210526316,0.06800776271,0.1861506624,0,0.1052631579,0.3695906433,n,n,NA,,
481,YIL149C,MLP2,1680,60,106,KLKQLLDESSEQKNTAKEELNGLKDQLNEERSRYRREIDALKKQLHV,47,0.001013171226,0.4468085106,0.07313154222,0.1855895624,0,0.1489361702,0.3342789598,n,n,NA,,
721,YML012W,ERV25,212,109,161,SLSRAIELDIESGAEARDWNKISANEKLKPIEVELRRVEEITDEIVDELTYLK,53,0.03087478559,0.4150943396,0.0784509581,0.2316526211,0,0.03773584906,0.4396226415,n,n,NA,,
950,YOR216C,RUD3,485,198,256,TLNTELENLEKEQESTEEVFLEYESRIEALEDEKHDIIEKHSKELNTYRKEKDQLNLQV,59,0.06518904824,0.4406779661,0.05098869649,0.1474453336,0,0.06779661017,0.354613936,n,n,NA,,
751,YMR029C,FAR8,524,20,61,LQTEFTKNERDRITWELERSEMKARIAELEGENRDLKHQLNQ,42,0.005291005291,0.4285714286,0.03746499597,0.1044966609,0,0.04761904762,0.3378306878,n,n,NA,,
752,YMR031C,EIS1,844,474,545,LVARMDTKVAERETLLEDTKSKEIEFKKQMQQELKDEKARLDQDLEEWGKKCEQDITEARKEQEELLKPYHD,72,0.01388888889,0.5,0.04855826532,0.1053147218,0,0.1111111111,0.3421296296,n,n,NA,,
795,YMR244C-A,COA6,105,52,103,IKSHCKVENEKFEENCAHSWIKYFKEKRVIDFKREQTIKRIEQEAKQRERNQ,52,0.01282051282,0.4615384615,0.02778580185,0.0684836535,0,0.1153846154,0.3288461538,n,n,NA,,
722,YML013W,UBX2,585,355,402,VVNKTEMHELRMSREIKKLQEDAYKKSLEMDRIKAIEKEKSLKHAQDL,48,0.003787878788,0.4583333333,0.03239228798,0.07946893537,0,0.1666666667,0.3775462963,n,n,NA,,
738,YML086C,ALO1,527,458,507,LAAGPVKKDTDYDDFEMRGMALKVEEWYGEDLKKFRKIRKEQDPDNVFLA,50,0.003636363636,0.44,0.1324093134,0.3432654436,0,0.24,0.3962222222,n,n,NA,,
960,YOR265W,RBL2,107,30,82,EAHVAKLKEDKSVDPYDLKKQEEVLDDTKRLLPTLYEKIREFKEDLEQFLKTY,53,0.00679245283,0.4716981132,0.05419544838,0.1275882725,0,0.1698113208,0.3813417191,n,n,NA,,
943,YOR195W,SLK19,822,534,584,NLKVVQDKLIKNEETLKLKEAEIDSLNSEMDELKKQITSKDDEFKMWQSKY,51,0.003565062389,0.431372549,0.05740147915,0.1518133766,0,0.1568627451,0.3786492375,n,n,NA,,
844,YNL181W,YNL181W,408,325,380,LMTPELEEVNLKDTKVKYISDCSIVKFARKEFDDEELQKKLFDNTERDILQLEKKV,56,0.006428571429,0.4464285714,0.09513682006,0.2392993419,0,0.1607142857,0.4162698413,n,n,NA,,
9,YAL032C,PRP45,380,203,249,LSEALENADKKARQEIRSKMELKRLAMEQEMLAKESKLKELSQRARY,47,0.009118541033,0.4468085106,0.04705945326,0.1215821069,0,0.1063829787,0.3765957447,y,y,y,https://www.rcsb.org/structure/6J6G,
18,YAR042W,SWH1,1189,1100,1155,LAPTDSRLRPDQRAMENGEYDKAAAEKHRVEVKQRAAKKEREQKGEEYRPKWFVQE,56,0.002747252747,0.4642857143,0.0380239154,0.09013102524,0,0.1428571429,0.3123015873,y,n,NA,https://www.rcsb.org/sequence/5H28#A,
134,YDL148C,NOP14,811,711,779,THAPKYEENFNPDKKSYDPDRTRSEINKMKAQLKKERKFTMKEIRKDAKFEARQRIEEKNKESSDYHAK,69,0.01534526854,0.4927536232,0.03298241731,0.07316528118,0,0.231884058,0.2850241546,y,y,y,https://www.rcsb.org/sequence/6LQQ#RN,
945,YOR198C,BFR1,471,225,279,SQIRQIRADFDNEFKSFRAKLDKERLKREEEQRLSKLLEQKDVDMGKLQEKLTHA,55,0.002797202797,0.4727272727,0.04490366792,0.1039885495,0,0.2181818182,0.3537373737,n,n,NA,,
576,YKL105C,SEG2,1133,323,376,NIEIAKLNEEEREQSLILELRKVKLDEERRMELLKRELNIVKENADLEAQELKL,54,0.0113960114,0.4814814815,0.04320420886,0.09991985636,0,0,0.4080246914,n,n,NA,,
508,YJL050W,MTR4,1074,616,665,SVPVMEKKLAELKKDFDGIEVEDEENVKEYHEIEQAIKGYREDVRQVVTH,50,0.03272727273,0.44,0.08602408527,0.2384781421,0,0.04,0.3977777778,y,y,y,https://www.rcsb.org/sequence/6FT6#MM,
582,YKL137W,CMC1,112,58,107,KVFPTCDKQRDEMKSCLLFYQTDEKYLDGERDKIVLEKINKLEKLCQKQS,50,0.0009523809524,0.42,0.01803977703,0.04936274686,0,0.22,0.3911111111,n,n,NA,,
859,YNL225C,CNM67,582,362,432,QNKILCDKFDKLTIDEKEILKGCNEEIKIKLERLNERLGSWEKSKEKYETSLKDKEKMLADAEKKTNTLSK,71,0.001657000829,0.4788732394,0.01759536953,0.03908771299,0,0.1690140845,0.3687010955,y,n,NA,https://www.rcsb.org/structure/3OA7,
101,YDL005C,MED2,432,99,146,TLTALGKEKEKEREEAEKKRAEQENMRKVREQEELKKRQELEEASQQQ,48,0.0007716049383,0.5625,0.05900863925,0.1102247492,0,0.02083333333,0.2655092593,n,n,NA,,
587,YKL172W,EBP2,428,273,318,YFAEMVKSDEHMDKIKGKLIEEASDKKAREEARRQRQLKKFGKQVQ,46,0.01581027668,0.4782608696,0.09374512569,0.2255971928,0,0.2173913043,0.3456521739,y,n,NA,https://www.rcsb.org/structure/6EM4,
934,YOR124C,UBP2,1273,1074,1130,VIYMDRYADTENPLLLAKKKETEEMKQKLKVMKNRQRELLSRDDSGLTRKDAFLESI,57,0.002923976608,0.4210526316,0.07206124882,0.1934115368,0,0.2105263158,0.3955165692,n,n,NA,,
590,YKL179C,COY1,680,489,543,LPIVTKQRDRFRSRNMDLEKQLRQGNSEKGKLKLEISKLKGDNTKLYERIRYLQS,55,0.05289256198,0.4,0.03148512121,0.1015912019,0,0.2545454545,0.3608080808,n,n,NA,,
41,YBR079C,RPG1,965,790,852,HVSGTKESELAAIRNQKKAELEAAKKARIEEVRKRRYEEAIARRKEEIANAERQKRAQELAEA,63,0.008465608466,0.4761904762,0.07943583387,0.1821381766,0,0.06349206349,0.3576719577,y,y,y,https://www.rcsb.org/structure/6ZCE,
838,YNL139C,THO2,1598,1187,1232,LIGHLKARLKDALELDEFCTLTEEEAEQKRIREMELEEIKNYETAC,46,0.03913043478,0.4347826087,0.1114672982,0.3234856303,0,0.04347826087,0.4236714976,y,unclear,unclear,https://www.rcsb.org/sequence/7LUV#C,
39,YBR079C,RPG1,965,571,618,NASYMEKVRIARETLIKKNKDDLEKISKIVDERVKRSQEQKQKHMEHA,48,0.01515151515,0.4583333333,0.04164086967,0.1051983311,0,0.2083333333,0.3483796296,y,n,NA,https://www.rcsb.org/structure/6ZCE,
563,YKL050C,YKL050C,923,423,472,SPVVNEIDERASRQRDVDKDIERRSRVLDQEYEDGNSMERAKEQNDGQLL,50,0.02173913043,0.46,0.07159481189,0.1820410418,0,0.18,0.3288888889,n,n,NA,,
765,YMR115W,MGR3,502,113,166,EAIWQESDKMDFNYKEALRRYIEALDECDRSHVDLLSDDYTRIELKIAEMYEKL,54,0.03945249597,0.4259259259,0.04285208113,0.1242954786,0,0.1296296296,0.4090534979,n,n,NA,,
863,YNL247W,YNL247W,768,660,712,IKFLTNDEKLEIVKLNEEKHANELAKKQKKLEQQKLREQKENERKQKAQIKPQ,53,0.01886792453,0.4716981132,0.05288171882,0.1278793248,0,0.1320754717,0.3113207547,n,n,NA,,
90,YCR009C,RVS161,266,121,177,KFSTYFKEIEEAIKKRDHKKQDFDAAKAKVRRLVDKPAKDASKLPRAEKELSLAKDI,57,0.02255639098,0.4912280702,0.0540732204,0.1241469942,0,0.3157894737,0.3799220273,n,n,NA,,
566,YKL061W,BLI1,114,38,100,SNEAWLEELENKFKLKDDVELDDVENLRAEIDMKLNMLEDKVSYYERLYKELEEFQNEIKIKT,63,0.04433497537,0.4603174603,0.07683667518,0.1990729412,0,0.04761904762,0.3915343915,n,n,NA,,
536,YJR033C,RAV1,1358,925,971,ITSWNRAREYRIAYWIKEQDLVKKFEDIAKYEFSKDDKRDPSRCAIF,47,0.004255319149,0.4255319149,0.0182871066,0.04989537999,0,0.2553191489,0.3907801418,n,n,NA,,
103,YDL019C,OSH2,1284,1195,1244,LPPTDTRLRPDQRAMEDGRYDEAGDEKFRVEEKQRAARRKREENNLEYHP,50,0.0008,0.5,0.07656879207,0.1661825366,0,0.18,0.2808888889,n,n,NA,,
45,YBR084W,MIS1,976,501,552,STFYKRLVPRKKGIRKFTPSMQRRLKRLDIEKEDPDALTPEEVKRFARLNIN,52,0.05594405594,0.4230769231,0.1173170114,0.359280814,0,0.2692307692,0.3818376068,n,n,NA,,
29,YBL078C,ATG8,118,3,53,TFKSEYPFEKRKAESERIADRFKNRIPVICEKAEKSDIPEIDKRKYLVPAD,51,0.003267973856,0.4705882353,0.0461438596,0.1085554984,0,0.1960784314,0.3801742919,y,y,partial,https://www.rcsb.org/sequence/5YEC#B,
81,YCL057W,PRD1,713,142,192,DVQSKADSVERETFKYVEKSYKDYIHSGLELDEGNRLKIKEIKKKISVNSI,51,0.0009337068161,0.4117647059,0.06275181862,0.1759800226,0,0.1764705882,0.3960784314,n,n,NA,,
1040,YPR141C,KAR3,730,275,336,KHMQEIESIKKEIENTLKPELAEKKKLLTEKRNAYEAIKVKVKEKEEETTRLRDEVALKQKT,62,0.004682622268,0.5,0.0490527414,0.1052087995,0,0.08064516129,0.3584229391,y,y,unclear,https://www.rcsb.org/sequence/4ETP,mutations
595,YKL201C,MNN4,1179,365,416,VNSLYKLEIEETDKFTFDKDLVYLSPSDFKFDASKKIEELEEQKKLYPDKFS,52,0.01398601399,0.4230769231,0.05634200731,0.1564687796,0,0.1538461538,0.4057692308,n,n,NA,,
56,YBR169C,SSE2,694,543,595,PVELNDLIEKENELRNQDKLVAETEDRKNALEEYIYTLRAKLDDEYSDFASDA,53,0.06644790812,0.4339622642,0.0552810993,0.1661691018,0,0.09433962264,0.384067086,n,n,NA,,
538,YJR043C,POL32,351,165,214,TALLAKMKKDRDDKETSRQNELRKRKEENLQKINKQNPEREAQMKELNNL,50,0.01333333333,0.48,0.0387733536,0.09116492799,0,0.2,0.2891111111,y,n,NA,https://www.rcsb.org/structure/6P1H,
547,YJR134C,SGM1,708,617,661,LYDNLLKEKTKANDEILRLLEENDKFNEVNKQKDDLLKRVEQMQS,45,0.004444444444,0.4444444444,0.03032611834,0.07835993474,0,0.1777777778,0.3622222222,n,n,NA,,
553,YKL017C,HCS1,684,307,359,IVKDISQEIDKLIQENKKLKNYKQRKENWNEIKLLRKDLKKREFKTIKDLIIQ,53,0.03698113208,0.4716981132,0.053606595,0.135010929,0,0.2830188679,0.3708595388,n,n,NA,,
558,YKL032C,IXR1,598,393,434,LASARWKELTDDQKKPFYEEFRTNWEKYRVVRDAYEKTLPPK,42,0.005291005291,0.4285714286,0.04251624822,0.1184031554,0,0.1904761905,0.3439153439,n,n,NA,,
561,YKL042W,SPC42,364,67,114,QNKELNFKLREKQNEIFELKKIAETLRSKLEKYVDITKKLEDQNLNLQ,48,0.004166666667,0.4166666667,0.03157746394,0.08867190892,0,0.125,0.3724537037,y,y,y,https://www.rcsb.org/structure/6OEI,coiled-coil
540,YJR072C,NPA3,386,239,288,FTGDGFDEFMQCVDKKVDEYDQYYKQEREKALNLKKKKEEMRKQKSLNGL,50,0.0008695652174,0.46,0.09461692646,0.2293864065,0,0.22,0.3355555556,y,unclear,y,https://www.rcsb.org/sequence/5HCI#A,mismatch with alignment in that region
650,YLR086W,SMC4,1419,1220,1271,DIGVLEEYARRLAEFKRRKLDLNNAVQKRDEVKEQLGILKKKRFDEFMAGFN,52,0.007525083612,0.4423076923,0.08884512339,0.2289690464,0,0.2115384615,0.4047008547,y,n,NA,https://www.rcsb.org/structure/6YVU,
811,YNL005C,MRP7,372,156,196,NILKQLEVRESKRKELQDKLSKVLRDELKLDIKDIELATSY,41,0.001283697047,0.4634146341,0.02448350955,0.06048304597,0,0.2195121951,0.410298103,y,y,y,https://www.rcsb.org/structure/6YVU,
628,YLL011W,SOF1,490,370,420,NVRLWRSKAWERSNVKTTREKNKLEYDEKLKERFRHMPEIKRISRHRHVPQ,51,0.06905370844,0.4509803922,0.04486798248,0.1295895577,0,0.2156862745,0.311546841,n,n,NA,,
1008,YPL225W,YPL225W,147,37,103,PGSKLRLTKFDDEIYENFMERFPEYKDVERVKKFTEEELKTKEAKERWRKFFTIFEKKIEDYNFGTL,67,0,0.4776119403,0.07331936676,0.1637611872,0,0.1194029851,0.3701492537,y,y,y,https://www.rcsb.org/sequence/2JYN#A,
890,YNR054C,ESF2,317,132,186,ILTRFGEVDRLFLKKEDDQKYKQRVKGGGNKKNKYEEGWAEFIRKRDAKLCAETL,55,0.01818181818,0.4545454545,0.07368559972,0.1859658571,0,0.2363636364,0.3692929293,n,n,NA,,
333,YGL110C,CUE3,625,482,532,YLWNLLKEDPKLFERSKRGTKVRKTMKEMTSWSDEKIEGWCRMLERSPTRA,51,0.0233426704,0.4117647059,0.05950547434,0.1758763207,0,0.1764705882,0.3708061002,n,n,NA,,
273,YER068W,MOT2,588,71,126,GRCPACRRKYDDENVRYVTLSPEELKMERAKLARKEKERKHREKERKENEYTNRKH,56,0.02822580645,0.5535714286,0.05561514405,0.111658887,0,0.1964285714,0.2686507937,y,n,NA,,
322,YGL048C,RPT6,406,20,68,PYFEQKIQETELKIRSKTENVRRLEAQRNALNDKVRFIKDELRLLQEPG,49,0.004081632653,0.4081632653,0.03442048057,0.09896212588,0,0.1224489796,0.3736961451,y,y,y,https://www.rcsb.org/sequence/6J2N#J,
1021,YPR072W,NOT5,561,35,80,PSNSSHREKLESDLKREIKKLQKHRDQIKTWLSKEDVKDKQSVLMT,46,0.01739130435,0.4347826087,0.03107858221,0.08587259716,0,0.2608695652,0.3371980676,y,y,y,https://www.rcsb.org/sequence/6TB3#BW,
375,YGR089W,NNF2,937,851,911,QLGSKLDKLNARNEKLQKEVDQNAEEIEKFSTQFLSKREKDRFRRKEYRIREANKFELTIK,61,0.01413227812,0.4754098361,0.03763819867,0.08785528201,0,0.1803278689,0.3380692168,n,n,NA,,
420,YGR271C-A,EFG1,234,65,119,LQNNELKNKIKANAKKYHMVRFFEKKKALRKYNRLLKKIKESGADDKDLQQKLRA,55,0.1090909091,0.4363636364,0.0676169634,0.2201274965,0,0.3272727273,0.3539393939,n,n,NA,,
248,YDR514C,YDR514C,484,113,162,NYRSIYEKSSELLDKKLEEIDKKWIEKNGCIPDASKDDVEKNLRKQYLAD,50,0.0008695652174,0.46,0.03545678626,0.08580193928,0,0.22,0.3604444444,n,n,NA,,
894,YOL006C,TOP1,770,238,285,DYFQLQKEQKKQLTSQEKKQIRLEREKFEEDYKFCELDGRREQVGNFK,48,0.0009057971014,0.4791666667,0.037875615,0.08722923175,0,0.1458333333,0.3078703704,n,n,NA,,
238,YDR482C,CWC21,136,61,106,KQIETHMEKREIEVQVSELRDRLEEEETLSEEQIDKKCEALRAKLT,46,0.0236294896,0.5,0.08293992143,0.1913210017,0,0.02173913043,0.3671497585,y,y,y,https://www.rcsb.org/structure/6BK8,
143,YDL166C,FAP7,198,21,72,STCEFLKNKLKDYKYYNISDFAKDNDCFEGYDEGRKSHIVDEDKLLDMLEPL,52,0.02289377289,0.4038461538,0.06370873401,0.1928547629,0,0.2115384615,0.3961538462,n,n,NA,,
428,YHL014C,YLF2,406,140,191,SVVQDELILKDLEFLENIRERLSKKMRMVSKNSKEHQEMKIETELLDALEEH,52,0.01398601399,0.4230769231,0.08880959025,0.2471186698,0,0.03846153846,0.4147435897,n,n,NA,,
432,YHR001W,OSH7,438,311,374,PLAPKVRPLEEQGEYESRRLWKKVTDALAVRDHEVATEEKFQIENRQRELAKKRAEDGVEFHSK,64,0,0.4375,0.08282472419,0.2074920652,0,0.09375,0.3644097222,y,n,NA,https://www.rcsb.org/structure/6YMX,
249,YDR540C,IRC4,180,0,46,MREYTSKKELKEEIEKKYEKYDAEFETISESQKDEKVETVDRTPSEN,47,0.02127659574,0.5319148936,0.03362343569,0.07066923589,0,0.02127659574,0.3026004728,y,partial,y,https://www.rcsb.org/sequence/5COG#A,
149,YDL208W,NHP2,157,31,77,KPLASKKLNKKVLKTVKKASKAKNVKRGVKEVVKALRKGEKGLVVIA,47,0.2519596865,0.4042553191,0.04800243286,0.2058628329,0,0.3191489362,0.451536643,y,y,partial,https://www.rcsb.org/sequence/2LBW#A,
374,YGR089W,NNF2,937,795,845,QLKTLTEKELELEEEYLKKKDLHLKNQLEFSKLEESLSKDLKNSEGRFQKV,51,0.000852514919,0.4509803922,0.06704366134,0.1658944048,0,0.05882352941,0.3673202614,n,n,NA,,
186,YDR204W,COQ4,336,279,328,INVYWEEMLEKDVTALRKELKITLPPDLRTMRKERAALRKEIDAKYNSQK,50,0.008571428571,0.42,0.04728194007,0.1320652103,0,0.18,0.3984444444,n,n,NA,,
210,YDR356W,SPC110,945,526,584,ENSQLKNKIEDNSTATHHMKENYEKQLESLRKDIEEYKESAKDSEDKIEELKIRIAENS,59,0.01569365976,0.4576271186,0.02560782331,0.06307872993,0,0.05084745763,0.3214689266,y,n,NA,https://www.rcsb.org/sequence/7M2W#K,
1004,YPL212C,PUS1,545,203,253,PGSILYRDIEESKTELPGVLDEDLESKEFWEEFKKDANEKFSTEEIEAILA,51,0.08912655971,0.431372549,0.05957445998,0.1909515054,0,0.03921568627,0.414379085,n,n,NA,,
387,YGR130C,YGR130C,817,718,769,QLTELQDKLATEEKELEAVKRERTRLQAEKAIEEQTRQKNADEALKQEILSR,52,0.003205128205,0.4615384615,0.03742450561,0.0901329576,0,0.03846153846,0.3527777778,n,n,NA,,
1020,YPR065W,ROX1,369,52,104,WKGLQPEDKAHWENLAEKEKLEHERKYPEYKYKPVRKSKKKQLLLKEIEQQQQ,53,0.01257861635,0.4528301887,0.08955556885,0.225645417,0,0.1132075472,0.2939203354,n,n,NA,,
885,YNR021W,YNR021W,405,327,378,ITNDILKRTTNLRQQELNKIKKFMKETELELAKEKKLELEKAKRRQLKASGQ,52,0.04096989967,0.4423076923,0.08236998387,0.2291681339,0,0.1730769231,0.3645299145,n,n,NA,,
285,YER164W,CHD1,1469,1040,1102,LPVKSFEKYGETYDEMMEAAKDCVHEEEKNRKEILEKLEKHATAYRAKLKSGEIKAENQPKDN,63,0.002267573696,0.4444444444,0.0588717877,0.1454172469,0,0.06349206349,0.3532627866,y,n,NA,https://www.rcsb.org/sequence/7NKX#W,
1030,YPR110C,RPC40,336,253,296,GVIGIDEGSDEAYVKDARKDTVSREVLRYEEFADKVKLGRVRNH,44,0.001196172249,0.4318181818,0.08422531871,0.2283105279,0,0.2045454545,0.4083333333,y,y,partial,https://www.rcsb.org/sequence/5W5Y#C,
293,YFL008W,SMC1,1226,729,787,QVTQQKRSLDENRLEIKYHNDLIEKEIQPKITELKKKLDDLENTKDNLVKEKEALQNNI,59,0.0006779661017,0.4237288136,0.03698363804,0.09730370216,0,0.1525423729,0.3532956685,y,n,NA,https://www.rcsb.org/structure/6ZZ6,
1017,YPR033C,HTS1,547,219,271,FQIAGVKDEDVRKISSAVDKLDKSPWEAVKKEMTEEKGQSEETADKIGEYVKL,53,0.007383100902,0.4339622642,0.03134724843,0.08232998376,0,0.1320754717,0.4,n,n,NA,,
313,YFR031C,SMC2,1171,741,795,QIIARNEEILRDIGECENEIKTKQMSLKKCQEEVSTIEKDMKEYDSDKGSKLNEL,55,0.01212121212,0.4363636364,0.05673596834,0.1490131652,0,0.07272727273,0.378989899,y,y,y,https://www.rcsb.org/sequence/6YVU#A,
314,YFR031C,SMC2,1171,847,898,SIESLKLENSDLEGKIRGVEDDLVTVQTELNEEKKRLMDIDDELNELETLIK,52,0.06772575251,0.4423076923,0.09359532375,0.2764323449,0,0.05769230769,0.4207264957,y,y,y,https://www.rcsb.org/sequence/6YVU#A,
402,YGR175C,ERG1,497,102,149,YPYKADIPKVEKLKDLVKDGNDKVLEDSTIHIKDYEDDERERGVAFVH,48,0.01515151515,0.4583333333,0.04576238941,0.1158169713,0,0.25,0.387037037,n,n,NA,,
386,YGR130C,YGR130C,817,652,700,QLSAITKRLEDERRAHEEQLKLEAEERKRKEENLLEKQRQELEEQAHQA,49,0.007346938776,0.5102040816,0.05202667557,0.1113976995,0,0.02040816327,0.3009070295,n,n,NA,,
380,YGR111W,YGR111W,401,306,354,IHIPEETFQRKELKLKKLLRKAIEETKLHGLQELEFWDEEIPIKKYPQL,49,0,0.4081632653,0.1339102848,0.3826281162,0,0.04081632653,0.4079365079,n,n,NA,,
647,YLR086W,SMC4,1419,580,636,LLEETQAKLKKNVETLEEKILAKKTHKQELQDLILDLKKKLNSLKDERSQGEKNFTS,57,0.002923976608,0.4210526316,0.08850052668,0.2376576933,0,0.1403508772,0.3797270955,y,y,y,https://www.rcsb.org/structure/6YVU,
154,YDR002W,YRB1,202,66,136,PVVHLEKVDVKTMEEDEEVLYKVRAKLFRFDADAKEWKERGTGDCKFLKNKKTNKVRILMRRDKTLKICAN,71,0.01584507042,0.4507042254,0.1093538709,0.2703192672,0,0.2535211268,0.4081377152,y,y,n,https://www.rcsb.org/sequence/4GMX#B,
870,YNL272C,SEC2,760,50,108,NYNQLKEDYNTLKRELSDRDDEVKRLREDIAKENELRTKAEEEADKLNKEVEDLTASLF,59,0.02033898305,0.5084745763,0.04376906444,0.09542630861,0,0.1355932203,0.3365348399,y,y,y,https://www.rcsb.org/structure/4ZDW,
207,YDR356W,SPC110,945,257,310,DVQSLKLRSKEDELKNLMNELNELKSNAEEKDTQLEFKKNELRKRTNELNELKI,54,0.0007407407407,0.462962963,0.05261048947,0.124987824,0,0.09259259259,0.3432098765,y,n,NA,https://www.rcsb.org/sequence/7M2W#K,
155,YDR023W,SES1,463,26,77,ASVEIVDEIISDYKDWVKTRFELDELNKKFNKLQKDIGLKFKNKEDASGLLA,52,0.0009157509158,0.4038461538,0.09015527302,0.2594748939,0,0.2115384615,0.4337606838,n,n,NA,,
911,YOL114C,YOL114C,203,161,201,TTAETSKKWNKIKEKANKERLLDKKVHSDKKKNRSKIKFNY,41,0.1219512195,0.487804878,0.05984485866,0.1818894435,0,0.3414634146,0.2997289973,n,n,NA,,
910,YOL093W,TRM10,294,21,88,VPEGMSKKQWKKMCKRQRWEENKAKYNAERRVKKKRLRHERSAKIQEYIDRGEEVPQELIREPRINVN,68,0.04595588235,0.4705882353,0.1070335735,0.2691657823,0,0.1764705882,0.3119281046,n,n,NA,,
164,YDR079W,PET100,112,55,110,NQIPKEPYEIKAELARMKKERLEKRLRLEKKIQEEFGLDLEEEKEKIKRDLALKKG,56,0.005184331797,0.5535714286,0.06405263025,0.1222466743,0,0.125,0.35,n,n,NA,,
909,YOL091W,SPO21,610,311,370,TTNKAYKTKYKEVSLENKKIKEAFKELDNESYNHDEELLKKYKYTRETLDRVNREQQLII,60,0.002564102564,0.4333333333,0.08365015242,0.2149580086,0,0.1333333333,0.3396296296,n,n,NA,,
904,YOL054W,PSH1,407,87,134,YLSFILEKLRDQNDESFKKLLTTKTKEENDYKNDKEKDTLFDKVFKNS,48,0,0.4583333333,0.04460992709,0.1088616408,0,0.25,0.350462963,n,n,NA,,
434,YHR019C,DED81,555,58,98,ISASALKKARKGCDGLKKKAVKQKEQELKKQQKEAENAAKQ,41,0.08672086721,0.4390243902,0.08696653358,0.2846526826,0,0.243902439,0.3455284553,n,n,NA,,
219,YDR376W,ARH1,494,206,259,LNLLRRAPVKDVKLIARRDFVHSKFTNKELRELWELEKYGIRGRIDPKFFQKEM,54,0.0303030303,0.4074074074,0.04248779318,0.1282762511,0,0.2222222222,0.4201646091,n,n,NA,,
899,YOL034W,SMC5,1094,311,361,TLENQVEELTEKCSLKTDEFLKAKEKINEIFEKLNTIRDEVIKKKNQNEYY,51,0.003565062389,0.431372549,0.06281969059,0.1661332866,0,0.03921568627,0.3758169935,y,y,y,https://www.rcsb.org/sequence/3HTK#A,
225,YDR412W,RRP17,236,15,93,YATKQSKKFGTDEVTFDKDSRLDYLTGFHKRKLQRQKKAQEFIKEQERLRKIEERQKIRQERKEVMEEQLKTFKESLNL,79,0.01676359904,0.4683544304,0.07756230907,0.1817732257,0,0.1898734177,0.3324894515,n,n,NA,,
227,YDR430C,CYM1,990,479,533,QGSEEFSKSLDDEEQTRLREKITALDEQDKKNIFKRGILLQEKQNEKEDLSCLPT,55,0.01212121212,0.4363636364,0.08447019341,0.2218834989,0,0.1090909091,0.3545454545,n,n,NA,,
230,YDR460W,TFB3,322,143,198,IMNNLERSRTEIESFEQRQKFEKEMKLKKRLLERQIEEEERMNKEWTKKEIVNRLS,56,0.002551020408,0.5,0.06758069583,0.1456203929,0,0.03571428571,0.331547619,y,n,NA,https://www.rcsb.org/structure/5OQM,
895,YOL006C,TOP1,770,573,685,NNRIQELEWQKIRCKRAILQLDKDLLKKEPKYFEEIDDLTKEDEATIHKRIIDREIEKYQRKFVRENDKRKFEKEELLPESQLKEWLEKVDEKKQEFEKELKTGEVELKSSWN,113,0.0006103143119,0.5132743363,0.06354681524,0.1274192284,0,0.1238938053,0.3435594887,n,n,NA,,
193,YDR297W,SUR2,350,296,348,TNFKGFEEYQKKQRRVTIDKYKEFLQERELEKKEKLKNFKAMNAAENEVKKEK,53,0.01747030049,0.5094339623,0.06442613361,0.1405842459,0,0.1320754717,0.313836478,n,n,NA,,
192,YDR285W,ZIP1,876,280,327,TINDLGKNKKEADAELMKKGKEIEYLKRELDDCSGQLSEEKIKNSSLI,48,0.0009920634921,0.4375,0.0652446874,0.1701607575,0,0.1458333333,0.3849537037,n,n,NA,,
190,YDR259C,YAP6,384,319,377,NMSRNENENLKLENKRFHAEYIRMIEDIENTKRKEQEQRDEIEQLKKKIRSLEEIVGRH,59,0,0.4745762712,0.08447765403,0.1920698982,0,0.06779661017,0.3212806026,n,n,NA,,
223,YDR394W,RPT3,429,44,93,SDIYFKLKKLEKEYELLTLQEDYIKDEQRHLKRELKRAQEEVKRIQSVPL,50,0.0008695652174,0.46,0.06181105388,0.1496963039,0,0.14,0.376,y,y,y,https://www.rcsb.org/sequence/5MPA#K,
1007,YPL217C,BMS1,1184,1115,1164,VLTISKAKDSKRKEQKASQRKERLKKLAKMEEEKSQRDKEKKKEYFAQNG,50,0.06,0.54,0.0358530777,0.08045502537,0,0.26,0.2884444444,y,y,y,https://www.rcsb.org/sequence/6LQR#RJ,
218,YDR365C,ESF1,629,512,562,NMNEILRSEKEKHKKGRYQKKERIVEDTFTPDLEDPRFKEVFEDHDFAIDP,51,0.007058823529,0.4901960784,0.1072449655,0.241310753,0,0.1764705882,0.3355119826,n,n,NA,,
438,YHR039C-A,VMA10,115,8,64,TLLQAEKEAHEIVSKARKYRQDKLKQAKTDAAKEIDSYKIQKDKELKEFEQKNAGGV,57,0.006315789474,0.4385964912,0.05132326641,0.1316104861,0,0.1929824561,0.3588693957,y,y,y,https://www.rcsb.org/structure/6O7W,
607,YKR043C,SHB17,272,76,131,VLKPLSDEQRAKIRVVVDDDLREWEYGDYEGMLTREIIELRKSRGLDKERPWNIWR,56,0.0007142857143,0.4464285714,0.08002941551,0.1987057085,0,0.1964285714,0.3912698413,y,y,partial,https://www.rcsb.org/sequence/3LL4#A,
1002,YPL202C,AFT2,417,132,177,HSHELRFDLITKTDDYKKFKENLRQKNDEKAIKTFDELEYKASLNL,46,0,0.4347826087,0.03974502718,0.1049089209,0,0.2173913043,0.3596618357,y,y,y,https://www.rcsb.org/sequence/4LMG#A,
616,YKR095W,MLP1,1876,70,164,KASSLKKIDGLKTEMENVIRENDKIRKERNDTFVKFESVENEKMKLSSELEFVKRKLDDLTEEKKETQSNQQRTLKILDERLKEIELVRVENNRS,95,0.0002339181287,0.4736842105,0.04434907242,0.09792897954,0,0.1368421053,0.3639766082,n,n,NA,,
304,YFR013W,IOC3,788,449,505,LIQSRYEIRSKKKHFVKQLKEGKKPDLSRKLEILKEIKAELKNAVKSEKDELLFSLY,57,0.03438596491,0.4385964912,0.04876919669,0.1331762263,0,0.1929824561,0.406042885,n,n,NA,,
617,YKR095W,MLP1,1876,785,840,QLQTLQKEREDLLEETRKSCQKKIDELEDALSELKKETSQKDHHIKQLEEDNNSNI,56,0.01785714286,0.4464285714,0.08930218469,0.230631107,0,0.08928571429,0.3259920635,n,n,NA,,
189,YDR258C,HSP78,812,335,395,LRLQHESKPDEIQKLDRAIMKIQIELESLKKETDPVSVERREALEKDLEMKNDELNRLTKI,61,0.002341920375,0.4590163934,0.02952062265,0.07014184132,0,0.131147541,0.3881602914,n,n,NA,,
220,YDR388W,RVS167,483,14,60,QSFRQKFKMGEQTEDPVYEDAERRFQELEQETKKLSEESKRYSTAVN,47,0.004255319149,0.4255319149,0.1018217668,0.2791847906,0,0.04255319149,0.3179669031,n,n,NA,,
618,YKR095W,MLP1,1876,977,1025,NLNNELDLQKKGMEKEKADFKKRISILQNNNKEVEAVKSEYESKLSKIQ,49,0.004081632653,0.4081632653,0.04972648625,0.1430477105,0,0.1224489796,0.3589569161,n,n,NA,,
864,YNL250W,RAD50,1313,742,798,LNSINEKIDNSQKCLEKAKEETKTSKSKLDELEVDSTKLKDEKELAESEIRPLIEKF,57,0.005847953216,0.4736842105,0.050673903,0.1174552393,0,0.08771929825,0.3738791423,n,n,NA,,
822,YNL079C,TPM1,200,123,196,KKNQQLEEDLEESDTKLKETTEKLRESDLKADQLERRVAALEEQREEWERKNEELTVKYEDAKKELDEIAASLE,74,0.03378378378,0.5405405405,0.06469342722,0.1333565398,0,0.02702702703,0.3262762763,n,n,NA,,
195,YDR308C,SRB7,141,81,132,GVDVSAEEQLRKIDMLQKKLVEVEDEKIEAIKKKEKLLRHVDSLIEDFVDGI,52,0.01282051282,0.4615384615,0.08805079735,0.2171226548,0,0.1538461538,0.4508547009,y,y,y,https://www.rcsb.org/structure/5OQM,
141,YDL159W,STE7,516,467,514,KYVSPSKDDKFRHWCRKIKSKIKEDKRIKREALDRAKLEKKQSERSTH,48,0.08012820513,0.5416666667,0.04990944845,0.1171206631,0,0.375,0.3009259259,n,n,NA,,
198,YDR316W,OMS1,472,120,190,LFFTKKLFAKDKELERLLKKQEEGNANEYEALRIKELKGKLRRRDELKLEEYKKMQEEGIENFDDIRVQNF,71,0.0004024144869,0.4929577465,0.08286460239,0.1775773653,0,0.1267605634,0.3665101721,n,n,NA,,
425,YGR285C,ZUO1,434,228,362,SWRTFEFLDEDVPDDSSNRDHKRYIERKNKAARDKKKTADNARLVKLVERAVSEDPRIKMFKEEEKKEKERRKWEREAGARAEAEAKAKAEAEAKAKAESEAKANASAKADKKKAKEAAKAAKKKNKRAIRNSAK,135,0.0234741784,0.5259259259,0.07277550906,0.1482878451,0.007407407407,0.2444444444,0.3274897119,n,n,NA,,
927,YOR086C,TCB1,1187,791,856,VLTLEEIQDLDKVNKKKKALELRKSAIDEKKISKEDKAKFDQEWNEVKELEDMYSNRQKLDLPELL,66,0.001893939394,0.4848484848,0.0972799993,0.2146634533,0.01515151515,0.1818181818,0.3772727273,n,n,NA,,
490,YIR002C,MPH1,994,481,543,IGQARAKEGFDEVKYTRKHAPKGRKKVERLHRQEQEKFLEAERTKRAANDKLERSARRTGSSE,63,0.03386243386,0.4761904762,0.0745801069,0.1809321707,0.01587301587,0.1904761905,0.3139329806,n,n,NA,,
644,YLR068W,FYV7,152,3,126,AKQNQNRKKFTREYKVKEIQRSITKKTRLRKEYLKALKDEGYAVPEKEPKTVAKESVRKIKEARAIEGKKKLDEKKEIKKQRKRMQKDELNKQRNEQLERIRVSKEKFQRREDRKKKLTQRTRT,124,0.08774675012,0.5403225806,0.05937221474,0.134619382,0.01612903226,0.2822580645,0.2927419355,n,n,NA,,
24,YBL027W,RPL19B,190,128,188,GNAFKHKRALVEHIIQAKADAQREKALNEEAEARRLKNRAARDRRAQRVAEKRDALLKEDA,61,0.02107728337,0.4590163934,0.07324737351,0.1815938609,0.01639344262,0.2295081967,0.364845173,n,n,NA,,
44,YBR084C-A,RPL19A,190,128,188,GNAFKHKRALVEHIIQAKADAQREKALNEEAEARRLKNRAARDRRAQRVAEKRDALLKEDA,61,0.02107728337,0.4590163934,0.07324737351,0.1815938609,0.01639344262,0.2295081967,0.364845173,y,y,y,https://www.rcsb.org/structure/4V8T,
1018,YPR049C,ATG11,1179,785,842,DIISQDNEKIEKLTGDYDDVSKSRERLQMDLDESNKKHEQEVNLLKADIERLGKQIVT,58,0.01724137931,0.4310344828,0.05670803085,0.1522712197,0.01724137931,0.1896551724,0.3733716475,y,n,NA,https://www.rcsb.org/structure/6VZF,
253,YEL043W,YEL043W,957,283,339,SKLLTDLKIEKLNKKIDKSKEKISKMRNDMQKWSQEDTELLSKDTIKEKYFKLLNES,57,0.01079622132,0.4561403509,0.04681178416,0.115163712,0.01754385965,0.2456140351,0.3651072125,n,n,NA,,
311,YFR031C,SMC2,1171,167,220,AAGTKMFEDRREKAERTMSKKETKLQENRTLLTEEIEPKLEKLRNEKRMFLEFQ,54,0.002849002849,0.4814814815,0.0362279421,0.08224751888,0.01851851852,0.07407407407,0.3483539095,y,y,y,https://www.rcsb.org/sequence/6YVU#A,
371,YGR076C,MRPL25,158,103,155,LLPKGHKHELKLNEKLKKREEALKKVDELIASKKGSKYAKRVEKMKKNQSIGW,53,0.0786163522,0.4528301887,0.05307712503,0.1546268358,0.01886792453,0.2264150943,0.3637316562,n,n,NA,,
447,YHR088W,RPF1,296,6,58,INITNKLKRQEIFADIKHEKNKERHTMRRKRAKEERENPELREQRLKENVTQT,53,0.02612481858,0.4905660377,0.07538321139,0.1761163626,0.01886792453,0.1509433962,0.2922431866,y,y,y,https://www.rcsb.org/sequence/6EM4#x,
122,YDL107W,MSS2,352,298,350,FFDCCVKEENFKGARDCLESVKKLGNDKDKKTMINVFLESRKDSIKLLDKARL,53,0.007383100902,0.4339622642,0.02307468323,0.06064408912,0.01886792453,0.2830188679,0.4301886792,n,n,NA,,
559,YKL032C,IXR1,598,448,499,RPTVVKENPDKGLIEITKIIGERWRELDPAKKAEYTETYKKRLKEWESCYPD,52,0.0008361204013,0.4423076923,0.04784350761,0.1213611002,0.01923076923,0.1346153846,0.3636752137,n,n,NA,,
966,YOR287C,RRP36,301,247,297,NTRYHLKKSEKRKVVQKWKFDHMKAKQREKVMERKRKKRLGKEFKQFEFHN,51,0.1478129713,0.5098039216,0.07573811387,0.2213240565,0.01960784314,0.3137254902,0.2891067538,n,n,NA,,
706,YLR410W,VIP1,1147,699,749,LFGADELGSDEISIRKDLLDDSNAAKDLMDKVKKKLKPLLREGKEAPPQFA,51,0.0009337068161,0.4117647059,0.1047846405,0.294069889,0.01960784314,0.2549019608,0.4259259259,n,n,NA,,
361,YGR001C,EFM5,249,16,66,NALAALEEFKREEQQHQEAFQKLYDETDEDFQKKKKEEGMKLFKEDWQLSQ,51,0.02131287298,0.4509803922,0.09088130281,0.2357932514,0.01960784314,0.05882352941,0.3241830065,n,n,NA,,
276,YER142C,MAG1,297,215,264,FSKYLSDKPELEKELMRERKVVKKSKIKHKKYNWKIYDDDIMEKCSETFS,50,0.01333333333,0.48,0.1185079102,0.2794210204,0.02,0.24,0.3591111111,n,n,NA,,
357,YGL237C,HAP2,266,165,214,KQYYRILKRRYARAKLEEKLRISRERKPYLHESRHKHAMRRPRGEGGRFL,50,0.1469565217,0.46,0.05767114414,0.193330825,0.02,0.26,0.3197777778,n,n,NA,,
809,YNL002C,RLP7,323,13,59,SNPEILLRKRRNADRTRIERQELAKKKREEQIKKKRSNKNKFVRAES,47,0.1029787234,0.5319148936,0.1071400457,0.2710644589,0.02127659574,0.2765957447,0.2907801418,y,n,NA,https://www.rcsb.org/sequence/5Z3G#D,
552,YKL016C,ATP7,175,125,171,QSARPFDELTVDDLTKIKPEIDAKVEEMVKKGKWDVPGYKDRFGNLN,47,0.001119820829,0.4042553191,0.06073010491,0.1774819167,0.02127659574,0.2340425532,0.3962174941,y,y,partial,https://www.rcsb.org/sequence/6CP6#7,
804,YMR294W,JNM1,374,330,371,WLKALNELDKKFDEQEVKIRENMEQIRRKIDTLEDEALQRNS,42,0.004761904762,0.4761904762,0.09100468531,0.2175504887,0.02380952381,0.1428571429,0.3560846561,n,n,NA,,
301,YFR009W,GCN20,753,283,350,KQLLSEEAKINERLKEMDVLRQEFEEDSLEVKKLDNEREDLDNHLIQISDKLVDMESDKAEARAASIL,68,0.03842504744,0.4558823529,0.0542477534,0.1394985217,0.02941176471,0.1029411765,0.4031045752,n,n,NA,,
687,YLR281C,YLR281C,156,97,154,YDTMPSREEALLQWHRQQKRSQRRRSVAKYEQREEAARVEKEEREARDREMVRELFRR,58,0.009195402299,0.5172413793,0.06755805457,0.1413291171,0.03448275862,0.1379310345,0.2902298851,n,n,NA,,
241,YDR485C,VPS72,796,201,255,NTMKVYEKLSKAEKKRKIIQERIRKHKEQESQHMLTQEERLRIAKETEKLNILSL,55,0.02727272727,0.4363636364,0.05115526889,0.1389836282,0.03636363636,0.1090909091,0.36,n,n,NA,,
546,YJR134C,SGM1,708,157,209,SSFFKLIKEKDDLIDQLRKEGAKLAETELRQSNQIKALRTKVKDLEYEVSELN,53,0,0.4150943396,0.06968355199,0.1916413109,0.03773584906,0.1509433962,0.4083857442,n,n,NA,,
762,YMR089C,YTA12,826,741,791,IVQECHDRCTKLLKEKAEDVEKIAQVLLKKEVLTREDMIDLLGKRPFPERN,51,0,0.431372549,0.04771497391,0.1250555689,0.03921568627,0.1568627451,0.4296296296,n,n,NA,,
208,YDR356W,SPC110,945,400,450,DSQLGSREEELKKTNDKLQKDIRIAREETVSKDERIIDLQKKVKQLENDLF,51,0.0007843137255,0.4901960784,0.04118624806,0.09119612275,0.03921568627,0.2156862745,0.3559912854,y,n,NA,https://www.rcsb.org/sequence/7M2W#K,
14,YAL047C,SPC72,623,566,613,PNKELTLRIEELQRRWISERERRKLDANASEARIKALEQENESLRSKL,48,0.003787878788,0.4583333333,0.05230625041,0.1287754679,0.04166666667,0.08333333333,0.3537037037,n,n,NA,,
935,YOR127W,RGA1,1008,613,660,QLKINLKELESQREELMKEITEMKSMKEALRRHIESYNSEKNKLYLDS,48,0,0.4166666667,0.02754735278,0.07657326907,0.04166666667,0.04166666667,0.3699074074,n,n,NA,,
10,YAL034W-A,MTW1,290,110,157,DLVIVDENELKKSEEKLREKVNDVELAFKKNEMLLKRVTKVKRLLFTI,48,0.003787878788,0.4583333333,0.09529394977,0.2351209305,0.04166666667,0.1666666667,0.4481481481,n,n,NA,,
95,YCR036W,RBK1,334,201,247,ESVFDNELVEEIREKIKDDFLGEYRKICELLYEKLMNRKKRGIVVMT,47,0.001013171226,0.4468085106,0.1138176249,0.2894240132,0.04255319149,0.1063829787,0.4382978723,n,n,NA,,
275,YER104W,RTT105,209,88,133,PIAPSERQRADQRSRLESMRLTRRRDKMTKVRGGLEKMEEMIMQGE,46,0.01739130435,0.4347826087,0.05492211657,0.1517195459,0.04347826087,0.1739130435,0.352173913,n,n,NA,,
328,YGL093W,SPC105,918,595,639,ENLNTLKREYEKLNEEVEKVNSIRGKIRKLNEAIKEEIRSLKNLP,45,0.004444444444,0.4444444444,0.07177980659,0.1866671378,0.04444444444,0.04444444444,0.370617284,n,n,NA,,
331,YGL108C,YGL108C,141,75,139,KNKVSPKEAARLAAEKRFQETNEKYNKGELGKKLAQERAKSHKTRLMEEAEKKHAERERENMIYD,65,0.01240694789,0.4769230769,0.03996334581,0.09205191296,0.04615384615,0.1076923077,0.3123076923,n,n,NA,,
497,YJL003W,COX16,119,54,117,FTAIKYEQGDRKVQEINEEDILKIRKNQREFDIKEEYYRLQGLSEEDWEPVRVARLKDESENVW,64,0.01346982759,0.453125,0.1016226473,0.2509447541,0.046875,0.078125,0.3592013889,n,n,NA,,
632,YLL026W,HSP104,909,401,502,GVAVARDSKPEELDSKERQLQLIQVEIKALERDEDADSTTKDRLKLARQKEASLQEELEPLRQRYNEEKHGHEELTQAKKKLDELENKALDAERRYDTATAA,102,0.007672634271,0.4509803922,0.06431369662,0.1521448201,0.04901960784,0.1176470588,0.3551198257,y,y,y,https://www.rcsb.org/sequence/6N8T#A,
653,YLR105C,SEN2,378,126,186,VTQQRRLQRLEFKKERAKLERELLELRKKGGHIDEENILLEKQRESLRKFKLKQTEDVGIV,61,0.01413227812,0.4754098361,0.09546160914,0.2230053845,0.04918032787,0.1475409836,0.3739526412,n,n,NA,,
645,YLR079W,SIC1,285,222,278,ELVTQEIRNERKRAMLRENPDIEDVITYVNKKGEVVEKRRLTDEEKRRFKPKALFQS,57,0.005847953216,0.4736842105,0.0957498173,0.2219710517,0.05263157895,0.1578947368,0.3639376218,y,n,NA,https://www.rcsb.org/structure/3V7D,
400,YGR169C-A,LSO2,93,28,84,AQMEQLEAEEASKWEQGSRKENAKKLEEEQKRQEKARAKKERDALLTAEEEQLGKGG,57,0.002506265664,0.4912280702,0.08127345516,0.1785342159,0.05263157895,0,0.3058479532,y,y,y,https://www.rcsb.org/structure/6Z6J,
643,YLR056W,ERG3,366,307,361,RLGGSYRRPDDSLFDPKLRDAKETWDAQVKEVEHFIKEVEGDDNDRIYENDPNTK,55,0.01818181818,0.4545454545,0.05928215974,0.1496617637,0.05454545455,0.2363636364,0.3343434343,n,n,NA,,
153,YDL239C,ADY3,791,282,335,SMNDAKLQRIEDLQKEFHNERKAASKRLNIVQDRFRKEIKKIREEKITDFQNKN,54,0.01851851852,0.462962963,0.03835015668,0.0948442583,0.05555555556,0.2407407407,0.3347736626,n,n,NA,,
349,YGL206C,CHC1,1654,421,472,FSTLLDKGKLNKEETIELARPVLQQDRKQLFEKWLKEDKLECSEELGDIVKP,52,0.003496503497,0.4230769231,0.05431307155,0.1474866333,0.05769230769,0.1153846154,0.408974359,n,n,NA,,
887,YNR033W,ABZ1,788,229,279,NNVKTGRWEKKKLNGEFSDILSRLDRTIDRDPIYKVKEKYPKGEDTTYVKQ,51,0.01426024955,0.431372549,0.04283633305,0.1160593721,0.05882352941,0.2745098039,0.3433551198,n,n,NA,,
236,YDR473C,PRP3,470,90,139,KFYQKGEISKRIAQERTLQKQQEEEELKRKLKQEEDEKDKRKLIESGDLP,50,0.0007407407407,0.54,0.1109258546,0.2177262397,0.06,0.14,0.2946666667,y,y,y,https://www.rcsb.org/structure/3JCM,
549,YKL002W,DID4,233,9,58,KNVTPQERLKKNQRALERTQRELEREKRKLELQDKKLVSEIKKSAKNGQV,50,0.05333333333,0.48,0.04000402724,0.1030768864,0.06,0.2,0.3144444444,n,n,NA,,
534,YJR002W,MPP10,594,494,542,IYNVGKAEKDGEIRLKNGVAMSKEELTREDKNRLRRALKRKRSKANLPN,49,0.05936920223,0.4489795918,0.1035794079,0.297119753,0.0612244898,0.2448979592,0.3512471655,y,partial,partial,https://www.rcsb.org/sequence/6LQQ#5E,
813,YNL039W,BDP1,595,286,350,GQISENFEKSKMAKKAKLEKRRHLRELRMRARQEFKPLHSLTKEEQEEEEEKRKEERDKLLNADI,65,0.003956043956,0.5384615385,0.1046276389,0.204204322,0.06153846154,0.1076923077,0.3090598291,y,y,y,https://www.rcsb.org/sequence/6EU0#V,
734,YML072C,TCB3,1546,938,1000,EELVNVEKLEKELKEKKKKFEATQEENEQEMEKNPKEWEVAEIEDPFDSDEKKINRKAKLSLN,63,0.01680672269,0.5396825397,0.1241021897,0.2488254759,0.06349206349,0,0.319047619,n,n,NA,,
585,YKL155C,RSM22,629,555,600,LGDLNVKKFHKLEKERIKQLKKEERQKARKAMESYNELEDSLQFDD,46,0.0009451795841,0.5,0.1149543611,0.2519020284,0.0652173913,0.1956521739,0.3345410628,n,n,NA,,
291,YFL004W,VTC2,829,526,584,VASLYGDDEKLDILPFWLPDLETDIRQDPKQAYEEEKKKLLKQKEIQKKIDGMRRLSNL,59,0.0006779661017,0.4237288136,0.07079429399,0.1866679223,0.06779661017,0.2203389831,0.3902071563,y,partial,partial,https://www.rcsb.org/sequence/3G3O#A,
823,YNL087W,TCB2,1179,780,850,VPVLSLEEAKEVDEINEKKDKLEKQKSTLDDKNISKEEKERIKKEEFRLTEKYDMYSYKMKLDLDELLQYN,71,0.006259780908,0.5070422535,0.04558067261,0.09559427312,0.07042253521,0.1408450704,0.3532081377,n,n,NA,,
251,YEL022W,GEA2,1460,526,581,SLVDDMFDHMKDIDREEFGRQKNEMEILKKRDRKTEFIECTNAFNEKPKKGIPMLI,56,0.0007142857143,0.4464285714,0.06653553832,0.1651761494,0.07142857143,0.1964285714,0.3871031746,n,n,NA,,
702,YLR383W,SMC6,1115,697,751,TQYLKDLIEQETKELQNIRDRYEEKLSEVRSRLKEIDGRLKSTKNEMRKTNFRMT,55,0.006545454545,0.4545454545,0.04351558122,0.1069897034,0.07272727273,0.1636363636,0.3381818182,n,n,NA,,
16,YAR008W,SEN34,276,80,133,LSKIVNDRLNKSFEYQRKFKKDEHIAKLKKIGRINDKTTAEELQRLDKSSNNDQ,54,0.02012882448,0.4259259259,0.06634903352,0.1841112707,0.07407407407,0.2777777778,0.3444444444,n,n,NA,,
915,YOR006C,TSR3,314,180,233,GFLELNKELLEIYQQCTDCDSVKRAEEEWLQKLEKETQERKSRAKEEDIWMMGN,54,0.02012882448,0.4259259259,0.05558618873,0.1541275755,0.07407407407,0.01851851852,0.3711934156,n,n,NA,,
391,YGR148C,RPL24B,156,83,133,GASLDLIKERRSLKPEVRKANREEKLKANKEKKRAEKAARKAEKAKSAGVQ,51,0.0754147813,0.5098039216,0.0341724566,0.08505168418,0.07843137255,0.2352941176,0.3413943355,n,n,NA,,
986,YPL043W,NOP4,686,486,536,VEFATEVKNKERHPLSKEEIIRSTKEKYKFMGPDEIEAQKKKDKKSGVVKQ,51,0.01307189542,0.4705882353,0.06061321241,0.1458703884,0.07843137255,0.1568627451,0.3509803922,n,n,NA,,
954,YOR243C,PUS7,677,66,116,FLVNEIDQEGKVIHLTDKGFKMPKKPQRSKEEVNAEKESEAARRQEFNVDP,51,0.0009337068161,0.4117647059,0.0790428547,0.2219133686,0.07843137255,0.09803921569,0.3642701525,n,n,NA,,
148,YDL207W,GLE1,539,143,244,KEIQSIRENKRRVEEQRKRKEEEERKRKEAEEKAKREQELLRQKKDEEERKRKEAEAKLAQQKQEEERKKIEEQNEKERQLKKEHEAKLLQQKDKLGKAVTN,102,0.007390648567,0.637254902,0.03577327003,0.05740076389,0.07843137255,0.1078431373,0.235620915,y,n,NA,,